"Label Name","Catalog #",UPC,"Release Name","Release Version","Release Artist","Release Date","Release Genre","Release Subgenre",Track,ISRC,"Song Name","Mix Version","Primary Artists","Featuring Artists",Remixers,"Track Length","Song Genre","Song Subgenre"
"Build It Records",BLDR192,198937087963,"No More",,Kwal,2024-12-13,Electronic,Mainstage,1,QZZ8B2454752,"No More","Extended Mix",Kwal,,,05:00,Electronic,Mainstage
"Build It Records",BLDR192,198937087963,"No More",,Kwal,2024-12-13,Electronic,Mainstage,4,QZZ8B2454763,"No More","BELLO Remix",Kwal,,BELLO,06:20,Electronic,"Progressive House"
"Build It Records",BLDR192,198937087963,"No More",,Kwal,2024-12-13,Electronic,Mainstage,3,QZZ8B2454971,"No More","Alfonso Tan Remix",Kwal,,"Alfonso Tan",05:46,Electronic,"Melodic Techno"
"Build It Records",BLDR192,198937087963,"No More",,Kwal,2024-12-13,Electronic,Mainstage,2,QZZ8B2454973,"No More","Radio Edit",Kwal,,,04:00,Electronic,Mainstage
"Build It Tech",BLDRT055,198937088106,Blox,,BRST,2024-11-29,Electronic,"Tech House",1,QZZ8B2454775,Blox,,BRST,,,03:50,Electronic,"Tech House"
"Build It Tech",BLDRT054,198622913430,"I See",,"Lux Esto",2024-11-08,Electronic,"Tech House",1,QZZ8A2479295,"I See",,"Lux Esto",,,02:50,Electronic,"Tech House"
"Build It Records",BLDR191,198622817721,"Lose Minds",,"Hot Keys",2024-10-25,Electronic,Mainstage,1,QZZ8A2438727,"Lose Minds",,"Hot Keys",,,06:12,Electronic,Mainstage
"Build It Records",BLDR191A,198622817752,"Lose Minds","Radio Mix","Hot Keys",2024-10-25,Electronic,Mainstage,1,QZZ8A2438729,"Lose Minds","Radio Mix","Hot Keys",,,03:42,Electronic,Mainstage
"Build It Deep",BLDRD013,198622815086,"Saoul en Merd",,"Rance & Maff",2024-10-11,Electronic,"Deep House",1,QZZ8A2438287,"Saoul en Merd",,"Rance & Maff",,,07:52,Electronic,"Deep House"
"Build It Deep",BLDRD013,198622815086,"Saoul en Merd",,"Rance & Maff",2024-10-11,Electronic,"Deep House",2,QZZ8A2438288,"Saoul en Merd","Anmol Jhanb Remix","Rance & Maff",,"Anmol Jhanb",05:30,Electronic,"Deep House"
"Build It Deep",BLDRD012,198622739696,Symbiotic,,Domestique,2024-09-27,Electronic,"Progressive House",1,QZZ8A2415016,Symbiotic,,"im kyle,Domestique",,,04:40,Electronic,"Progressive House"
"Build It Deep",BLDRD012A,198622739825,Symbiotic,"Radio Edit",Domestique,2024-09-27,Electronic,"Progressive House",1,QZZ8A2415044,Symbiotic,"Radio Edit","Domestique,im kyle",,,03:27,Electronic,"Progressive House"
"Build It Records",BLDR190,198622649964,Rollen,"Extended Mix","Roman Anthony",2024-09-13,Electronic,House,1,QZWV32483652,Rollen,"Extended Mix","Roman Anthony",,,05:39,Electronic,House
"Build It Records",BLDR190A,198622650007,Rollen,"Radio Edit","Roman Anthony",2024-09-13,Electronic,House,1,QZWV32483657,Rollen,"Radio Edit","Roman Anthony",,,03:36,Electronic,House
"Build It Deep",BLDRD011,198622539043,"Let Me Light You Up",,Absintheminded,2024-08-30,Electronic,"Deep House",1,QZWV32454693,"Let Me Light You Up",,Absintheminded,,,06:32,Electronic,"Deep House"
"Build It Deep",BLDRD011A,198622567404,"Let Me Light You Up","Radio Mix",Absintheminded,2024-08-30,Electronic,"Deep House",1,QZWV32460497,"Let Me Light You Up","Radio Mix",Absintheminded,,,04:14,Electronic,"Deep House"
"Build It Deep",BLDRD010,198622284752,"Out Of Nowhere",,"Hot Keys",2024-08-16,Electronic,"Organic House",1,QZWDE2446679,"Out Of Nowhere",,"Hot Keys",,,05:20,Electronic,"Organic House"
"Build It Tech",BLDRT053,198622402033,"Love The Bass","Extended Mix","Misto Clean",2024-08-02,Electronic,"Tech House",1,QZWV32414110,"Love The Bass","Extended Mix","Misto Clean",,,03:56,Electronic,"Tech House"
"Build It Tech",BLDRT053A,198622402088,"Love The Bass","Radio Mix","Misto Clean",2024-08-02,Electronic,"Tech House",1,QZWV32414161,"Love The Bass","Radio Mix","Misto Clean",,,03:15,Electronic,"Tech House"
"Build It Tech",BLDRT052,198622189224,"Que No Pare",,"Loüis Pleîn",2024-07-19,Electronic,"Tech House",1,QZWDE2407380,"Que No Pare",,"Loüis Pleîn",,,05:00,Electronic,"Tech House"
"Build It Records",BLDR-SC24,198622016599,"Build It Records Summer Compilation 2024",,"Various Artists",2024-06-28,Dance,Electronica,1,QZWDD2434848,"Like A Beat",,"Hot Keys",,,05:41,Dance,"Tech House"
"Build It Records",BLDR-SC24,198622016599,"Build It Records Summer Compilation 2024",,"Various Artists",2024-06-28,Dance,Electronica,10,QZWDD2434852,Rumba,,"Anmol Jhanb",,,05:07,Dance,"Tech House"
"Build It Records",BLDR-SC24,198622016599,"Build It Records Summer Compilation 2024",,"Various Artists",2024-06-28,Dance,Electronica,5,QZWDD2434853,"My House",,Maonro,,,04:40,Dance,House
"Build It Records",BLDR-SC24,198622016599,"Build It Records Summer Compilation 2024",,"Various Artists",2024-06-28,Dance,Electronica,7,QZWDD2434856,"Drop That",,"Alfonso Tan",,,05:58,Dance,House
"Build It Records",BLDR-SC24,198622016599,"Build It Records Summer Compilation 2024",,"Various Artists",2024-06-28,Dance,Electronica,4,QZWDD2434859,Arguement,,Bravery,,,05:45,Dance,"Tech House"
"Build It Records",BLDR-SC24,198622016599,"Build It Records Summer Compilation 2024",,"Various Artists",2024-06-28,Dance,Electronica,8,QZWDD2434863,"DO IT",,"sant jord",,,05:39,Dance,"Tech House"
"Build It Records",BLDR-SC24,198622016599,"Build It Records Summer Compilation 2024",,"Various Artists",2024-06-28,Dance,Electronica,2,QZWDD2434867,"No More",,Kwal,,,05:00,Dance,"Future House"
"Build It Records",BLDR-SC24,198622016599,"Build It Records Summer Compilation 2024",,"Various Artists",2024-06-28,Dance,Electronica,6,QZWDD2434871,Game,,BRST,,,04:13,Dance,"Future House"
"Build It Records",BLDR-SC24,198622016599,"Build It Records Summer Compilation 2024",,"Various Artists",2024-06-28,Dance,Electronica,9,QZWDD2434896,Nutcracker,,FNXTA,,,03:39,Dance,"Tech House"
"Build It Records",BLDR-SC24,198622016599,"Build It Records Summer Compilation 2024",,"Various Artists",2024-06-28,Dance,Electronica,3,QZWDD2434904,"Kirk Cousins",,"Lux Esto",,,04:32,Dance,"Tech House"
"Build It Records",BLDR-SC24-MH,198622419956,"My House",,Maonro,2024-06-28,Electronic,House,1,QZWV32433447,"My House",,Maonro,,,04:40,Electronic,House
"Build It Tech",BLDRT51,198342826836,"Shake It",,Resonant,2024-06-14,Dance,"Tech House",1,QZTV32410272,"Shake It",,Resonant,,,05:18,Dance,"Tech House"
"Build It Tech",BLDRT050,198342703380,"Vidro Fume",,VOILLA,2024-05-31,Dance,"Tech House",1,QZTRX2443495,"Vidro Fumê",,VOILLA,,,05:39,Dance,"Tech House"
"Build It Tech",BLDRT049,198342378359,Wheaties,,"Danny Samaei",2024-05-17,Dance,"Tech House",1,GBRKQ2482496,Wheaties,,"Danny Samaei",,,05:27,Dance,"Tech House"
"Build It Tech",BLDRT048,198342378168,Mwere,,Gouzy,2024-05-03,Dance,"Tech House",1,GBRKQ2482475,Mwere,Extended,Gouzy,,,06:36,Dance,"Tech House"
"Build It Tech",BLDRT048,198342378168,Mwere,,Gouzy,2024-05-03,Dance,"Tech House",2,GBRKQ2482480,Mwere,"Radio Mix",Gouzy,,,04:07,Dance,"Tech House"
"Build It Tech",BLDRT047,198342378496,"Querido Papá",,"Anmol Jhanb",2024-04-15,Dance,"Tech House",1,GBRKQ2482527,"Querido Papá","Extended Mix","Anmol Jhanb",,,05:24,Dance,"Tech House"
"Build It Tech",BLDRT047,198342378496,"Querido Papá",,"Anmol Jhanb",2024-04-15,Dance,"Tech House",2,GBRKQ2482528,"Querido Papá","Radio Edit","Anmol Jhanb",,,03:01,Dance,"Tech House"
"Build It Records",BLDR189,198342243749,"Dun Mada",,"Hot Keys",2024-03-29,Dance,"Tech House",1,GBRKQ2410209,"Dun Mada",,"Hot Keys",,,06:16,Dance,"Tech House"
"Build It Records",BLDR187,197999933843,"Play The Game",,"Takes Two",2024-03-15,Dance,"Future House",1,QZ5FN2452619,"Play The Game",,"Takes Two",,,03:31,Dance,"Future House"
"Build It Records",BLDR188,197999985095,"Goes On & On",,"Hot Keys",2024-02-16,Dance,House,1,QZ5FN2479766,"Goes On & On",,"Hot Keys",,,04:56,Dance,House
"Build It Tech",BLDRT046,197999350503,Maxima,"Radio Mix",Gouzy,2023-11-10,Dance,"Tech House",1,QZZ8A2350582,Maxima,"Radio Mix",Gouzy,,,03:39,Dance,"Tech House"
"Build It Tech",BLDRT046A,197999350541,Maxima,"Extended Mix",Gouzy,2023-11-10,Dance,"Tech House",1,QZZ8A2350587,Maxima,"Extended Mix",Gouzy,,,05:29,Dance,"Tech House"
"Build It Records",BLDR186,197773739975,Complicated,,"Alfonso Tan",2023-09-15,Dance,House,1,QZWDD2331986,Complicated,,"Alfonso Tan",,,06:06,Dance,House
"Build It Records",BLDR184,197773363361,"Keep Rockn' It",,"Cole Petix",2023-08-18,Dance,"Bass House",1,QZTRX2379795,"Keep Rockn' It",,"Cole Petix",,,04:24,Dance,"Bass House"
"Build It Records",BLDR185,197773410539,"Soul Food",,"Jacques Bleu",2023-07-21,Dance,House,1,QZTV32303703,"Soul Food",,"Jacques Bleu",,,03:07,Dance,House
"Build It Records",BLDR183,197773003977,Dancin,,"Anmol Jhanb",2023-06-16,Dance,House,1,GBWUL2327625,Dancin,,"Anmol Jhanb",,,06:24,Dance,House
"Build It Records",BLDR182,197368892580,"Gimme Drums",,TXMBRR,2023-05-19,Dance,House,1,GBRKQ2390963,"Gimme Drums",,TXMBRR,,,03:52,Dance,House
"Build It Tech",BLDRT045,197368484174,"Bringin It Back",,Chango,2023-04-14,Dance,"Tech House",1,USLZJ2348579,"Bringin It Back",,Chango,,,04:41,Dance,"Tech House"
"Build It Tech",BLDRT044,197368409122,"How I Do It",,"Law Mark",2023-03-24,Dance,"Tech House",1,USLZJ2318302,"How I Do It",,"Law Mark",,,03:34,Dance,"Tech House"
"Build It Records",BLDR181,197368246581,"Salsa Secreta",,"Jon Lee",2023-02-17,Dance,Electronica,1,QZ5FN2359587,"Fall Back Down",,"Jon Lee",icausetreble,,06:08,Dance,House
"Build It Records",BLDR181,197368246581,"Salsa Secreta",,"Jon Lee",2023-02-17,Dance,Electronica,2,QZ5FN2359593,"Fall Back Down",Remix,"Jon Lee",icausetreble,"Jeromy Nail",07:29,Dance,House
"Build It Records",BLDR181,197368246581,"Salsa Secreta",,"Jon Lee",2023-02-17,Dance,Electronica,3,QZ5FN2359594,"Gotta Let You Know",,"Jon Lee",icausetreble,,06:24,Dance,House
"Build It Records",BLDR181,197368246581,"Salsa Secreta",,"Jon Lee",2023-02-17,Dance,Electronica,4,QZ5FN2359595,"Gotta Let You Know",Remix,"Jon Lee",icausetreble,"Jordan Strong",06:14,Dance,House
"Build It Tech",BLDRT043,197077899481,"Make It Sound",,"Litty Ritty",2023-01-06,Dance,"Tech House",1,QZWDD2296346,"Make It Sound","Radio Edit","Litty Ritty",,,03:00,Dance,"Tech House"
"Build It Tech",BLDRT043,197077899481,"Make It Sound",,"Litty Ritty",2023-01-06,Dance,"Tech House",2,QZWDD2296347,"Make It Sound",Extended,"Litty Ritty",,,06:17,Dance,"Tech House"
"Build It Tech",BLDT042,197077704914,"Feel It",,"Ben Grime",2022-12-09,Dance,"Tech House",1,QZWDD2228254,"Feel It",,"Ben Grime",,,06:02,Dance,"Tech House"
"Build It Tech",BLDRT041,197077442649,Blink,,"Kelvin Richard",2022-10-07,Electronic,"Tech House",1,QZTRX2275379,Blink,,"Kelvin Richard",,,05:04,Electronic,"Tech House"
"Build It Tech",BLDRT040,197077273434,Lonely,,"Law Mark",2022-09-09,Dance,"Tech House",1,GBWUL2279773,Lonely,,"Law Mark",,,03:16,Dance,"Tech House"
"Build It Tech",BLDRT039,197077053302,"Handle It",,CLAASSEN,2022-08-05,Dance,"Tech House",1,GBRKQ2298738,"Handle It",Extended,CLAASSEN,,,04:38,Dance,"Tech House"
"Build It Tech",BLDRT039,197077053302,"Handle It",,CLAASSEN,2022-08-05,Dance,"Tech House",2,GBRKQ2298744,"Handle It",Radio,CLAASSEN,,,03:20,Dance,"Tech House"
"Build It Records",BLDR180,195729880900,Groovinator,,DRIPP,2022-07-22,Dance,"Tech House",1,GBRKQ2238114,Groovinator,,DRIPP,,,05:53,Dance,"Tech House"
"Build It Records",BLDR179,195729816978,"Boom Bap",,"Anmol Jhanb",2022-06-24,Dance,House,1,GBRKQ2216936,"Boom Bap",Extended,"Anmol Jhanb,Bob Bentley",,,05:25,Dance,House
"Build It Records",BLDR179,195729816978,"Boom Bap",,"Anmol Jhanb",2022-06-24,Dance,House,2,GBRKQ2216940,"Boom Bap",Radio,"Anmol Jhanb,Bob Bentley",,,02:29,Dance,House
"Build It Records",BLDR178,195729461925,"Break Me Off",,"Fein Cerra",2022-04-22,Dance,"Bass House",1,QZ5FN2287205,"Break Me Off",,"Fein Cerra",,,04:43,Dance,"Bass House"
"Build It Tech",BLDRT038,195729462311,"Give You Up",,"Ben Grime",2022-04-15,Dance,"Tech House",1,QZ5FN2287404,"Give You Up",,"Ben Grime",,,06:08,Dance,"Tech House"
"Build It Tech",BLDRT037A,195729461871,"Take Your Mind",Extended,"Justin Lawson",2022-04-08,Dance,"Tech House",1,QZ5FN2287187,"Take Your Mind",Extended,"Justin Lawson,N1MA",,,04:35,Dance,"Tech House"
"Build It Tech",BLDRT037,195729461802,"Take Your Mind","Radio Edit",N1MA,2022-03-25,Dance,"Tech House",1,QZ5FN2287168,"Take Your Mind","Radio Edit","Justin Lawson,N1MA",,,03:21,Dance,"Tech House"
"Build It Records",BLDR177,195729317086,Deeper,Extended,"Ele Valero",2022-03-11,Dance,House,1,QZ5FN2222717,Deeper,Extended,"Ele Valero",,,04:20,Dance,House
"Build It Records",BLDR177A,195729317697,Deeper,Radio,"Ele Valero",2022-03-11,Dance,House,1,QZ5FN2222870,Deeper,Radio,"Ele Valero",,,02:18,Dance,House
"Build It Records",BLDR176,195729317031,"The Moment",,"Discover (BR)",2022-02-25,Dance,House,1,QZ5FN2222646,"The Moment",,"Discover (BR)",,,06:01,Dance,House
"Build It Tech",BLDRT036,195729308053,"Let Me Catch My Breath",,Vianna,2022-02-18,Dance,"Tech House",1,QZ5FN2219108,"Let Me Catch My Breath",,Vianna,,,05:58,Dance,"Tech House"
"Build It Tech",BLDRT035,195729031753,"Turn The Light",,"Frontside (BR)",2021-12-03,Electronic,"Tech House",1,GBWUL2152473,"Turn The Light",Radio,"Frontside (BR),Lennon (BR)",,,03:27,Electronic,"Tech House"
"Build It Tech",BLDRT035,195729031753,"Turn The Light",,"Frontside (BR)",2021-12-03,Electronic,"Tech House",2,GBWUL2152475,"Turn The Light",Extended,"Frontside (BR),Lennon (BR)",,,04:28,Electronic,"Tech House"
"Build It Records",BLDR175,193872921075,Motherland,,"Caique Carvalho",2021-09-10,Electronic,House,1,GBRKQ2169529,Motherland,,"Caique Carvalho,Vallilo",,,04:55,Electronic,"Tech House"
"Build It Records",BLDR175A,193872921341,Motherland,"Radio Edit","Caique Carvalho",2021-09-10,Electronic,"Tech House",1,GBRKQ2169542,Motherland,"Radio Edit","Caique Carvalho,Vallilo",,,03:21,Electronic,"Tech House"
"Build It Deep",BLDRD009,195039006076,Splinter,,MarQ,2021-09-02,Electronic,"Progressive House",1,GBRKQ2184845,Splinter,,MarQ,,,06:53,Electronic,"Progressive House"
"Build It Deep",BLDRD009,195039006076,Splinter,,MarQ,2021-09-02,Electronic,"Progressive House",2,GBRKQ2184846,Splinter,"No Groove Mix",MarQ,,,06:53,Electronic,"Progressive House"
"Build It Deep",BLDRD008,193872403946,"Special Love",,POSYDON,2021-08-06,Dance,"Progressive House",1,GBRKQ2106128,"Special Love",,POSYDON,,,07:27,Dance,"Progressive House"
"Build It Deep",BLDRD008A,193872830865,"Special Love",,POSYDON,2021-08-06,Dance,Electronica,1,GBRKQ2154799,"Special Love","Radio Mix",POSYDON,,,05:17,Dance,"Progressive House"
"Build It Deep",BLDRD008A,193872830865,"Special Love",,POSYDON,2021-08-06,Dance,Electronica,2,GBRKQ2154800,"Special Love","Extended Mix",POSYDON,,,07:27,Dance,"Progressive House"
"Build It Deep",BLDRD007,193872510972,"The Temple",,BELLO,2021-07-23,Dance,"Progressive House",1,GBRKQ2112406,"The Temple","Original Mix",BELLO,,,06:25,Dance,"Progressive House"
"Build It Records",BLDR174,192650954199,"Won't Stop Dancing",,"Juliana Hauz",2021-07-02,Dance,House,1,USLZJ2181820,"Won't Stop Dancing",,"Juliana Hauz",,,06:19,Dance,House
"Build It Records",BLDR174,192650954199,"Won't Stop Dancing",,"Juliana Hauz",2021-07-02,Dance,House,2,USLZJ2181823,"Won't Stop Dancing","The Pups Remix","Juliana Hauz",,"The Pups",05:32,Dance,House
"Build It Records",BLDR174,192650954199,"Won't Stop Dancing",,"Juliana Hauz",2021-07-02,Dance,House,3,USLZJ2181835,"Won't Stop Dancing","Curol Remix","Juliana Hauz",,Curol,06:16,Dance,House
"Build It Deep",BLDRD006,193872025247,Protolyse,,MarQ,2021-06-11,Dance,"Progressive House",1,USLZJ2186319,Protolyse,,MarQ,,,07:29,Dance,"Progressive House"
"Build It Records",BLDR173,192650563513,"Don't Hold Back",,"Raw Underground",2021-04-09,Electronic,House,1,USLZJ2114853,"Don't Hold Back","Radio Mix","Raw Underground",,,03:56,Dance,House
"Build It Records",BLDR173,192650563513,"Don't Hold Back",,"Raw Underground",2021-04-09,Electronic,House,2,USLZJ2114854,"Don't Hold Back","Original Mix","Raw Underground",,,05:58,Electronic,House
"Build It Records",BLDR172,192650330542,"THAT BEAT EP",,MARKUZ,2021-03-19,Electronic,House,3,QZ5FN2160818,"Open Your Mind","Extended Mix",MARKUZ,,,03:56,Electronic,House
"Build It Records",BLDR172,192650330542,"THAT BEAT EP",,MARKUZ,2021-03-19,Electronic,House,4,QZ5FN2160819,"Open Your Mind","Radio Mix",MARKUZ,,,02:47,Electronic,House
"Build It Records",BLDR172,192650330542,"THAT BEAT EP",,MARKUZ,2021-03-19,Electronic,House,1,QZ5FN2160820,"That Beat","Extended Mix",MARKUZ,,,03:18,Electronic,House
"Build It Records",BLDR172,192650330542,"THAT BEAT EP",,MARKUZ,2021-03-19,Electronic,House,2,QZ5FN2160823,"That Beat","Radio Mix",MARKUZ,,,02:20,Electronic,House
"Build It Tech",BLDRT033,192650014015,"Like That",,Ruddek,2021-03-03,Electronic,"Tech House",1,QZ5FN2132473,"Like That",,Ruddek,,,06:12,Electronic,"Tech House"
"Build It Deep",BLDRD005,192650070424,"So Long",,Arky,2021-02-26,Dance,"Progressive House",1,QZ5FN2140160,"So Long",,Arky,,,04:56,Dance,"Progressive House"
"Build It Records",BLDR171,192650014343,Colombia,,ALLFRED,2021-02-17,Dance,House,1,QZ5FN2132545,Colombia,"Extended Mix","ALLFRED,BULLICA",,,05:50,Dance,House
"Build It Records",BLDR171,192650014343,Colombia,,ALLFRED,2021-02-17,Dance,House,2,QZ5FN2132548,Colombia,"Radio Mix","ALLFRED,BULLICA",,,03:44,Dance,House
"Build It Tech",BLDRT032A,192650331242,"COOL OFF | SPARE ME",,"John Okins",2021-02-16,Electronic,"Tech House",1,QZ5FN2160864,"Cool Off","Extended Mix","John Okins",,,04:11,Electronic,"Tech House"
"Build It Tech",BLDRT032A,192650331242,"COOL OFF | SPARE ME",,"John Okins",2021-02-16,Electronic,"Tech House",2,QZ5FN2160866,"Cool Off","Radio Mix","John Okins",,,03:12,Electronic,"Tech House"
"Build It Tech",BLDRT032A,192650331242,"COOL OFF | SPARE ME",,"John Okins",2021-02-16,Electronic,"Tech House",3,QZ5FN2160867,"Spare Me","Extended Mix","John Okins",,,04:11,Electronic,"Tech House"
"Build It Tech",BLDRT032A,192650331242,"COOL OFF | SPARE ME",,"John Okins",2021-02-16,Electronic,"Tech House",4,QZ5FN2160869,"Spare Me","Radio Mix","John Okins",,,02:48,Electronic,"Tech House"
"Build It Tech",BLDRT031,191079558254,"I Can't Stop",,BURNTECH,2021-01-08,Electronic,"Tech House",1,GBRKQ2038315,"I Can't Stop","Radio Mix",BURNTECH,,,03:10,Electronic,"Tech House"
"Build It Tech",BLDRT031,191079558254,"I Can't Stop",,BURNTECH,2021-01-08,Electronic,"Tech House",2,GBRKQ2038368,"I Can't Stop","Extended Mix",BURNTECH,,,05:07,Electronic,"Tech House"
"Build It Tech",BLDRT032,191079366200,"COOL OFF | SPARE ME",,"John Okins",2020-12-23,Dance,"Tech House",1,GBRKQ2014618,"Cool Off","Radio Mix","John Okins",LILBITCHROCK,,03:12,Dance,"Tech House"
"Build It Tech",BLDRT032,191079366200,"COOL OFF | SPARE ME",,"John Okins",2020-12-23,Dance,"Tech House",2,GBRKQ2014620,"Cool Off",,"John Okins",LILBITCHROCK,,04:11,Dance,"Tech House"
"Build It Tech",BLDRT032,191079366200,"COOL OFF | SPARE ME",,"John Okins",2020-12-23,Dance,"Tech House",3,GBRKQ2014621,"Spare Me","Radio Mix","John Okins",LILBITCHROCK,,02:48,Dance,"Tech House"
"Build It Tech",BLDRT032,191079366200,"COOL OFF | SPARE ME",,"John Okins",2020-12-23,Dance,"Tech House",4,GBRKQ2014622,"Spare Me",,"John Okins",LILBITCHROCK,,04:11,Dance,"Tech House"
"Build It Deep",BLDRD004,191079366170,Imaginarium,,POSYDON,2020-12-09,Dance,"Progressive House",1,GBRKQ2014551,Imaginarium,"Radio Mix",POSYDON,,,04:15,Dance,"Progressive House"
"Build It Deep",BLDRD004,191079366170,Imaginarium,,POSYDON,2020-12-09,Dance,"Progressive House",2,GBRKQ2014553,Imaginarium,"Extended Mix",POSYDON,,,05:40,Dance,"Progressive House"
"Build It Tech",BLDRT030,195039890811,"Get Down | Be Yourself",,"Low Control",2020-11-25,Dance,"Tech House",1,USLZJ2048321,"Get Down",,"Low Control",,,04:23,Dance,"Tech House"
"Build It Tech",BLDRT030,195039890811,"Get Down | Be Yourself",,"Low Control",2020-11-25,Dance,"Tech House",2,USLZJ2048325,"Be Yourself",,"Low Control",,,05:09,Dance,"Tech House"
"Build It Records",BLDR170,195039955398,Truth,,DEEPSENSE,2020-11-18,Dance,"Future House",1,USLZJ2067717,Truth,,"DEEPSENSE,Route 77",,,04:30,Dance,"Future House"
"Build It Tech",BLDRT029,195039862931,"Action & Reaction",,"Damn Square",2020-11-04,Electronic,"Tech House",1,USLZJ2040790,"Action & Reaction",,"Damn Square",,,06:16,Electronic,"Tech House"
"Build It Tech",BLDRT028,195039810413,"Bring 'Em Out",,Sillaz,2020-10-21,Electronic,"Tech House",1,USLZJ2032290,"Bring 'Em Out","Extended Mix",Sillaz,,,06:01,Electronic,"Tech House"
"Build It Tech",BLDRT028,195039810413,"Bring 'Em Out",,Sillaz,2020-10-21,Electronic,"Tech House",2,USLZJ2032292,"Bring 'Em Out","Radio Mix",Sillaz,,,04:07,Electronic,"Tech House"
"Build It Tech",BLDRT027,195039810307,"Lose Kontrol",,Sloth,2020-10-07,Electronic,"Tech House",1,USLZJ2032265,"Lose Kontrol","Extended Mix",Sloth,,,05:39,Electronic,"Tech House"
"Build It Tech",BLDRT027,195039810307,"Lose Kontrol",,Sloth,2020-10-07,Electronic,"Tech House",2,USLZJ2032272,"Lose Kontrol","Radio Mix",Sloth,,,04:08,Electronic,"Tech House"
"Build It Records",BLDR169,195039782086,Believe,,JLZK,2020-09-25,Dance,"Future House",1,USLZJ2027304,Believe,,JLZK,,,05:16,Dance,"Future House"
"Build It Tech",BLDRT026,195039663408,"My Life",,Houkes,2020-09-04,Electronic,"Tech House",1,USLZJ2003041,"My Life",,"Houkes,Ravok",,,05:22,Electronic,"Tech House"
"Build It Records",BLDR168,195039639960,"Operator Control",,BURNTECH,2020-08-14,Dance,"Tech House",1,QZ5FN2087877,"Operator Control",,"BURNTECH,Dodger",,,04:38,Dance,"Tech House"
"Build It Records",BLDR168A,195039687060,"Operator Control",,BURNTECH,2020-08-14,Electronic,"Tech House",1,QZ5FN2087877,"Operator Control",,"BURNTECH,Dodger",,,04:38,Electronic,"Tech House"
"Build It Records",BLDR167,195039500116,Rocketman,,Ketafere,2020-07-31,Dance,House,1,QZ5FN2031288,Rocketman,,"Ketafere,TZEN",,,04:32,Dance,House
"Build It Tech",BLDRT025,195039500086,"Shake That",,BARC,2020-07-17,Dance,"Tech House",1,QZ5FN2031223,"Shake That",,BARC,,,04:34,Dance,"Tech House"
"Build It Records",BLDR166,195039482061,Imploder,,KusKa,2020-07-03,Dance,House,1,QZ5FN2021680,Imploder,,KusKa,,,05:11,Dance,House
"Build It Records",BLDR164,195039476763,High,,4ren,2020-06-19,Dance,Electronica,1,QZ5FN2021683,High,,4ren,,,03:19,Dance,House
"Build It Tech",BLDRT024,195039349524,"Booty Clap",,Sloth,2020-05-01,Dance,Electronica,1,GBWUL2071948,"Booty Clap",,Sloth,,,06:27,Dance,"Tech House"
"Build It Records",BLDR163,193872507859,"Caique Carvalho & Friends EP",,"Various Artists",2019-08-27,Electronic,"Tech House",1,USLZJ1957057,Friends,,"Caique Carvalho",,,05:40,Electronic,"Tech House"
"Build It Records",BLDR163,193872507859,"Caique Carvalho & Friends EP",,"Various Artists",2019-08-27,Electronic,"Tech House",2,USLZJ1957060,"Go Go Go",,"Caique Carvalho,Cahio",,,05:43,Electronic,"Tech House"
"Build It Records",BLDR163,193872507859,"Caique Carvalho & Friends EP",,"Various Artists",2019-08-27,Electronic,"Tech House",3,USLZJ1957062,Forget,,"Caique Carvalho,Gabriel Angelo",,,05:31,Electronic,"Tech House"
"Build It Records",BLDR163,193872507859,"Caique Carvalho & Friends EP",,"Various Artists",2019-08-27,Electronic,"Tech House",4,USLZJ1957063,"Love Me",,"Caique Carvalho,Double2Back",,,04:47,Electronic,"Tech House"
"Build It Records",BLDR162,193872450391,Radio,,BARC,2019-08-08,Electronic,House,1,USLZJ1940386,Radio,"Radio Edit",BARC,,,03:17,Electronic,House
"Build It Records",BLDR162,193872450391,Radio,,BARC,2019-08-08,Electronic,House,2,USLZJ1940387,Radio,"Extended Mix",BARC,,,04:19,Electronic,House
"Build It Tech",BLDRT023,193872227177,Bugatti,,"Bruno Mattos",2019-03-27,Electronic,"Tech House",1,QZ5FN1968455,Bugatti,,"Bruno Mattos,F-LIMA",,,05:09,Electronic,"Tech House"
"Build It Tech",BLDRT022,193872110059,"Talk / No Matter",,Fatty,2019-02-06,Dance,"Tech House",1,QZ5FN1925559,Talk,,Fatty,,,05:58,Dance,"Tech House"
"Build It Tech",BLDRT022,193872110059,"Talk / No Matter",,Fatty,2019-02-06,Dance,"Tech House",2,QZ5FN1925560,"No Matter",,Fatty,,,05:57,Dance,"Tech House"
"Build It Tech",BLDRT020,192650991385,"Mozy Maze EP",,"Bess Maze",2019-01-16,Dance,"Tech House",1,GBWUL1824431,"Mozy Maze",,"Bess Maze",,,06:19,Dance,"Tech House"
"Build It Tech",BLDRT020,192650991385,"Mozy Maze EP",,"Bess Maze",2019-01-16,Dance,"Tech House",2,GBWUL1824432,"I Like It",,"Bess Maze",,,04:38,Dance,"Tech House"
"Build It Tech",BLDRT021,193872024707,"Doin My Thang",,"Tony H",2019-01-09,Dance,"Tech House",1,GBWUL1824434,"Doin My Thang",,"Tony H",,,05:53,Dance,"Tech House"
"Build It Records",BLDR161,192650991460,"Move It",,"John Okins",2018-12-17,Dance,"Electro House",1,GBWUL1812416,"Move It",,"John Okins",,,03:36,Dance,"Electro House"
"Build It Tech",BLDRT019,192650991361,You,,"Nick Siarom",2018-12-14,Dance,"Tech House",1,GBWUL1812399,You,,"Nick Siarom,BARC",,,05:17,Dance,"Tech House"
"Build It Tech",BLDRT019A,193872003542,You,,"Nick Siarom",2018-12-14,Dance,"Tech House",1,GBWUL1816120,You,,"Nick Siarom,BARC",,,05:17,Dance,"Tech House"
"Build It Tech",BLDRT018,192650937352,"I Do Not Know",,FeelGood,2018-11-22,Dance,"Tech House",1,USLZJ1893918,"I Do Not Know",,FeelGood,,,05:04,Dance,"Tech House"
"Build It Deep",BLDRD003,192650948884,"Vocal Chords",,"Helder Simz",2018-11-16,Dance,"Deep House",1,GBWUL1800772,"Vocal Chords",,"Helder Simz",,,06:22,Dance,"Deep House"
"Build It Tech",BLDRT017,192650898226,Chicago,,"Colin Thomas",2018-11-08,Dance,"Tech House",1,USLZJ1883477,Chicago,,"Colin Thomas",,,04:00,Dance,"Tech House"
"Build It Tech",BLDRT016,192650893511,WhoDATBe,,TV_TV,2018-10-24,Dance,"Tech House",1,USLZJ1883222,WhoDATBe,,TV_TV,,,03:56,Dance,"Tech House"
"Build It Records",BLDR160,192650876408,Orca,,Haelix,2018-10-19,Dance,House,1,USLZJ1877342,Orca,,Haelix,,,06:23,Dance,House
"Build It Records",BLDR159,192650853164,"I Want You EP",,Joshrox,2018-10-10,Dance,House,1,USLZJ1871250,"I Want You",,Joshrox,,,04:07,Dance,House
"Build It Records",BLDR159,192650853164,"I Want You EP",,Joshrox,2018-10-10,Dance,House,2,USLZJ1871252,One,,Joshrox,,,04:47,Dance,House
"Build It Tech",BLDRT015,192650809277,"Every day",,"Caique Carvalho",2018-10-03,Dance,"Tech House",1,USLZJ1857953,"Every Day",,"Caique Carvalho",,,05:31,Dance,"Tech House"
"Build It Tech",BLDRT014,192650807549,"Flava In Ya Ear",,THATSOUND,2018-09-26,Dance,"Tech House",1,USLZJ1857951,"Flava In Ya Ear",,THATSOUND,,,05:45,Dance,"Tech House"
"Build It Tech",BLDRT013,192650807532,"Get Down",,"Catz N Hood",2018-09-19,Dance,"Tech House",1,USLZJ1856762,"Get Down",,"Catz N Hood,Fatt Mox",,,04:40,Dance,"Tech House"
"Build It Tech",BLDRT012,192650462410,"Let's Get It / Days EP",,Flo.Von,2018-09-05,Dance,"Tech House",1,USLZJ1819279,Days,,"Flo.Von,Atty G",,,04:38,Dance,"Tech House"
"Build It Tech",BLDRT012,192650462410,"Let's Get It / Days EP",,Flo.Von,2018-09-05,Dance,"Tech House",2,USLZJ1819281,Days,"Trap Edit","Flo.Von,Atty G",,,04:38,Dance,"Tech House"
"Build It Tech",BLDRT012,192650462410,"Let's Get It / Days EP",,Flo.Von,2018-09-05,Dance,"Tech House",3,USLZJ1819298,"Let's Get It",,"Flo.Von,Atty G",,,05:45,Dance,"Tech House"
"Build It Tech",BLDRT011,192650462397,"Hands Up",,Tukko,2018-08-29,Dance,"Tech House",1,USLZJ1826119,"Hands Up",,Tukko,,,05:35,Dance,"Tech House"
"Build It Tech",BLDRT009B,192650761278,Sweat,,"Stackhouse (DJ)",2018-08-27,Dance,"Tech House",1,USLZJ1843126,Sweat,,"Stackhouse (DJ)",,,06:34,Dance,"Tech House"
"Build It Tech",BLDRT010,192650462298,Anytime,,"Cesar Green",2018-08-22,Dance,"Tech House",1,USLZJ1819276,Anytime,,"Cesar Green,Jazzam",,,05:50,Dance,"Tech House"
"Build It Tech",BLDRT009,192650462205,Sweat,,"Stackhouse (DJ)",2018-08-15,Dance,"Tech House",1,USLZJ1819260,Sweat,,"Stackhouse (DJ)",,,06:34,Dance,"Tech House"
"Build It Tech",BLDRT009A,192650506794,Sweat,,"Stackhouse (DJ)",2018-08-15,Dance,"Tech House",1,USLZJ1827638,Sweat,,"Stackhouse (DJ)",,,05:56,Dance,"Tech House"
"Build It Tech",BLDRT008,192650462137,"Groove With It EP",,"Cesar Green",2018-08-08,Dance,"Tech House",1,USLZJ1819257,"Something In This House",,"Cesar Green,Jazzam",,,06:40,Dance,"Tech House"
"Build It Tech",BLDRT008,192650462137,"Groove With It EP",,"Cesar Green",2018-08-08,Dance,"Tech House",2,USLZJ1819258,"Groove With It",,"Cesar Green",,,06:24,Dance,"Tech House"
"Build It Tech",BLDRT007,192650462083,"Out There EP",,"No Messin",2018-08-01,Dance,Electronica,1,USLZJ1819254,"Out There",,"No Messin",,,05:00,Dance,"Tech House"
"Build It Tech",BLDRT007,192650462083,"Out There EP",,"No Messin",2018-08-01,Dance,Electronica,2,USLZJ1819255,"Tell Me What You Are",,"No Messin",,,05:03,Dance,"Tech House"
"Build It Tech",BLDRT006,192650396210,Krunk,,"Callum Mcintosh",2018-07-16,Dance,"Tech House",1,QZ5FN1808153,Krunk,,"Callum Mcintosh",,,05:00,Dance,"Tech House"
"Build It Tech",BLDRT005,192650357976,"Blind Dance",,"MID LOW",2018-07-09,Dance,"Tech House",1,USLZJ1800385,"Blind Dance",,"MID LOW",,,04:38,Dance,"Tech House"
"Build It Records",BLDR158,192650338692,"One In The Head (feat. Tha Wurm)",,Techtonic,2018-06-25,Dance,House,1,QZ5FN1884534,"One In The Head (feat. The Wurm)",,Techtonic,"Tha Wurm",,04:33,Dance,House
"Build It Tech",BLDRT004,192650338753,Hero,,"John Okins",2018-06-18,Dance,"Electro House",1,QZ5FN1884138,Hero,Original,"John Okins",,,04:22,Dance,"Electro House"
"Build It Records",BLDR157,192650314276,"Time Again EP",,"Master Simz",2018-06-14,Dance,House,1,QZ5FN1884120,"About Time",,"Master Simz",,,05:40,Dance,House
"Build It Records",BLDR157,192650314276,"Time Again EP",,"Master Simz",2018-06-14,Dance,House,2,QZ5FN1884124,"Do it Again",,"Master Simz",,,05:14,Dance,House
"Build It Tech",BLDRT003,192650338746,"Iced Out EP",,"Jay Peeki",2018-06-11,Dance,House,1,QZ5FN1884134,"Up & Down",,"Jay Peeki",,,04:56,Dance,House
"Build It Tech",BLDRT003,192650338746,"Iced Out EP",,"Jay Peeki",2018-06-11,Dance,House,2,QZ5FN1884135,"Iced Out",,"Jay Peeki",,,05:22,Dance,House
"Build It Records",BLDR156,192650314184,I,,"Deep Archer",2018-06-07,Dance,House,1,QZ5FN1879523,I,Original,"Deep Archer",,,05:25,Dance,House
"Build It Records",BLDR156,192650314184,I,,"Deep Archer",2018-06-07,Dance,House,2,QZ5FN1879526,I,"Bass Odyssey Remix","Deep Archer",,"Bass Odyssey",04:15,Dance,House
"Build It Tech",BLDRT002,192650302358,"Love Drop EP",,Flo.Von,2018-06-04,Dance,"Tech House",1,QZ5FN1876845,"Love Me",Original,Flo.Von,,,06:23,Dance,"Tech House"
"Build It Tech",BLDRT002,192650302358,"Love Drop EP",,Flo.Von,2018-06-04,Dance,"Tech House",2,QZ5FN1876846,"The Drop","Original Mix",Flo.Von,,,06:11,Dance,"Tech House"
"Build It Records",BLDR155,192650302068,"Concrete Waves",,LoVance,2018-05-28,Dance,"Deep House",1,QZ5FN1876811,"Concrete Waves",,LoVance,,,03:15,Dance,"Deep House"
"Build It Tech",BLDRT001,192650265813,Control,,Zebob,2018-05-21,Dance,"Tech House",1,QZ5FN1867430,Control,Original,Zebob,,,06:25,Dance,"Tech House"
"Build It Deep",BLDRD002,192650219953,"True Lies",,Oxymoron,2018-05-14,Dance,"Deep House",1,QZ5FN1856175,"True Lies",Original,"Oxymoron,Allen Oh",,,05:57,Dance,"Deep House"
"Build It Deep",BLDRD001,192650219861,Runaway,,Haelix,2018-05-01,Dance,"Deep House",1,QZ5FN1856170,Runaway,original,"Haelix,Mayv Bell",,,06:30,Dance,"Deep House"
"Build It Records",BLDR154,192650170971,"The Underground",,"The Schmidt",2018-04-05,Dance,"Tech House",1,QZ5FN1842405,"The Underground",,"The Schmidt,Pavones,Bedroom Gold",,,04:30,Dance,"Tech House"
"Build It Records",BLDR153,192650168480,"Starter Kit, Vol. 2",,"Various Artists",2018-03-26,Dance,Electronica,1,QZ5FN1841848,"Funked Off",Original,"Tim Trip",,,05:11,Dance,"Tech House"
"Build It Records",BLDR153,192650168480,"Starter Kit, Vol. 2",,"Various Artists",2018-03-26,Dance,Electronica,2,QZ5FN1841850,Fancy,Original,"Chick Iverson",,,05:51,Dance,"Tech House"
"Build It Records",BLDR153,192650168480,"Starter Kit, Vol. 2",,"Various Artists",2018-03-26,Dance,Electronica,3,QZ5FN1841852,Graymatter,Original,Graymatter,,,04:40,Dance,"Tech House"
"Build It Records",BLDR153,192650168480,"Starter Kit, Vol. 2",,"Various Artists",2018-03-26,Dance,Electronica,4,QZ5FN1841854,Booty,Original,"Atty G",,,04:58,Dance,"Tech House"
"Build It Records",BLDR153,192650168480,"Starter Kit, Vol. 2",,"Various Artists",2018-03-26,Dance,Electronica,5,QZ5FN1841856,"Get Go",Original,YCHTCLB,,,05:46,Dance,"Tech House"
"Build It Records",BLDR153,192650168480,"Starter Kit, Vol. 2",,"Various Artists",2018-03-26,Dance,Electronica,6,QZ5FN1841858,Inside,Original,"Liam Howard",,,04:54,Dance,"Tech House"
"Build It Records",BLDR153,192650168480,"Starter Kit, Vol. 2",,"Various Artists",2018-03-26,Dance,Electronica,7,QZ5FN1841862,"Touch The Sky",Original,Leraxe,,,04:00,Dance,"Tech House"
"Build It Records",BLDR153,192650168480,"Starter Kit, Vol. 2",,"Various Artists",2018-03-26,Dance,Electronica,8,QZ5FN1841863,"Paper Chasin",Original,"Yung Stanza",,,06:28,Dance,"Tech House"
"Build It Records",BLDR152,192650117020,"Let's Dance",,"Apollo Xi",2018-03-19,Dance,"Deep House",1,QZ5FN1832172,"Let's Dance",,"Apollo Xi",,,04:03,Dance,"Deep House"
"Build It Records",BLDR149,192650006485,"Act Natural",,Oxymoron,2018-02-05,Dance,House,1,QZ5FN1809644,"Act Natural","Original Mix",Oxymoron,,,06:24,Dance,House
"Build It Records",BLDR151,192650039728,"Act Natural",,Oxymoron,2018-02-05,Dance,Electronica,1,QZ5FN1809648,"Act Natural","Original mix",Oxymoron,,,06:24,Dance,"Deep House"
"Build It Records",BLDR150,192650016033,"Rhythm Is Life",,"REESE PARK",2018-01-22,Dance,House,1,QZ5FN1804810,"Rhythm Is Life",Original,"REESE PARK",,,05:43,Dance,House
"Build It Records",BLDR150,192650016033,"Rhythm Is Life",,"REESE PARK",2018-01-22,Dance,House,2,QZ5FN1804813,"Rhythm Is Life","Bacosaurus Remix","REESE PARK",,Bacosaurus,05:55,Dance,House
"Build It Records",BLDR150,192650016033,"Rhythm Is Life",,"REESE PARK",2018-01-22,Dance,House,3,QZ5FN1804814,"Rhythm Is Life","JedX Remix","REESE PARK",,JedX,06:25,Dance,House
"Build It Records",BLDR146,191079847105,Substance,,Klokk,2017-10-30,Dance,"Tech House",1,QZ5FN1761669,Substance,,Klokk,,,05:02,Dance,"Tech House"
"Build It Records",BLDR144,191079800445,"Build It Records G House Compilation, Vol. 1",,"Various Artists",2017-10-06,Dance,"Tech House",2,QZ5FN1751286,Skrilla,,Graymatter,,,04:29,Dance,"Tech House"
"Build It Records",BLDR144,191079800445,"Build It Records G House Compilation, Vol. 1",,"Various Artists",2017-10-06,Dance,"Tech House",1,QZ5FN1752039,"Time To Go",,Don'TTouch,,,04:51,Dance,"Tech House"
"Build It Records",BLDR144,191079800445,"Build It Records G House Compilation, Vol. 1",,"Various Artists",2017-10-06,Dance,"Tech House",3,QZ5FN1752041,"Groove Ride",,Jaypeeki,,,05:11,Dance,"Tech House"
"Build It Records",BLDR144,191079800445,"Build It Records G House Compilation, Vol. 1",,"Various Artists",2017-10-06,Dance,"Tech House",5,QZ5FN1752042,G5,,"SDK,Jakarta Project",,,04:48,Dance,"Tech House"
"Build It Records",BLDR144,191079800445,"Build It Records G House Compilation, Vol. 1",,"Various Artists",2017-10-06,Dance,"Tech House",4,QZ5FN1752043,"To The Top",,Kaishi,,,03:52,Dance,"Tech House"
"Build It Records",BLDR143,191079800247,"Tribal Is Waiting",,Fondz,2017-10-02,Dance,House,1,QZ5FN1751267,"Tribal Is Waiting`",,Fondz,,,,Dance,House
"Build It Records",BLDR145,191079809981,"Tribal Is Waiting",,Fondz,2017-10-02,Dance,House,1,QZ5FN1751267,"Tribal Is Waiting",,Fondz,,,04:21,Dance,House
"Build It Records",BLDR142,191079762194,"Disco Nap",,Oxymoron,2017-09-20,Dance,House,1,QZ5FN1740537,"Disco Nap",,Oxymoron,,,06:24,Dance,House
"Build It Records",BLDR140,191079722754,Abyssal,,KusKa,2017-09-04,Dance,House,1,QZ5FN1732578,Abyssal,,KusKa,,,05:47,Dance,House
"Build It Records",BLDR139,191079682836,"Cucky Lat",,Tronda,2017-08-21,Dance,"Progressive House",1,QZ5FN1721268,"Cucky Lat",,Tronda,,,04:35,Dance,"Progressive House"
"Build It Records",BLDR138,191079681587,G-Shock,,SLAE,2017-08-14,Dance,House,1,QZ5FN1720954,G-Shock,,SLAE,,,04:06,Dance,House
"Build It Records",BLDR137,191079668304,"Freak for the Night",,Kendoll,2017-08-07,Dance,"Tech House",1,QZ5FN1717647,"4 the Night",,Kendoll,,,04:50,Dance,"Tech House"
"Build It Records",BLDR137,191079668304,"Freak for the Night",,Kendoll,2017-08-07,Dance,"Tech House",2,QZ5FN1717648,"What a Freak",,Kendoll,,,04:10,Dance,"Tech House"
"Build It Records",BLDR136,191079609932,"Find My Way",,"Michelle C",2017-07-31,Dance,"Deep House",1,QZ5FN1708690,"Find My Way",,"Michelle C",,,06:20,Dance,"Deep House"
"Build It Records",BLDR135,191079602513,"Dope House",,"Mad Brother",2017-07-24,Dance,"Tech House",1,QZ5FN1706932,"Dope in da House",,"Mad Brother",,,05:04,Dance,"Tech House"
"Build It Records",BLDR135,191079602513,"Dope House",,"Mad Brother",2017-07-24,Dance,"Tech House",2,QZ5FN1706933,"All These Little Kids",,"Mad Brother",,,07:19,Dance,"Tech House"
"Build It Records",BLDR134,191079591619,"Lost You",,"Alex Twitchy",2017-07-17,Dance,"Tech House",1,QZ5FN1703875,"Lost You",,"Alex Twitchy",,,05:30,Dance,"Tech House"
"Build It Records",BLDR133,191079583522,"Abuse Me",,"No Idols",2017-07-10,Dance,"Deep House",1,QZ5FN1701689,"Abuse Me",,"No Idols",,,05:47,Dance,"Deep House"
"Build It Records",BLDR132,191079568611,Distorted,,Versus,2017-07-03,Dance,"Tech House",1,USLZJ1794831,Distorted,,Versus,,,05:43,Dance,"Tech House"
"Build It Records",CAT36992,191079557004,"Without U",,"Justin Novak",2017-06-26,Dance,"Deep House",1,USLZJ1789676,"Without U",,"Justin Novak",,,,Dance,"Deep House"
"Build It Records",BLDR131,191079559923,"Without U",,"Justin Novak",2017-06-26,Dance,"Deep House",1,USLZJ1789676,"Without U",,"Justin Novak",,,03:26,Dance,"Deep House"
"Build It Records",BLDR130,191079539574,"Heart Attack",,"Justus Jakob",2017-06-19,Dance,House,1,USLZJ1786099,"Heart Attack",,"Justus Jakob",,,03:57,Dance,House
"Build It Records",BLDR129,191079524488,"A Taste of Pleasure",,"Filth & Pleasure",2017-06-12,Dance,House,1,USLZJ1782350,Synesthesia,,"Filth & Pleasure",,,07:14,Dance,House
"Build It Records",BLDR129,191079524488,"A Taste of Pleasure",,"Filth & Pleasure",2017-06-12,Dance,House,2,USLZJ1782352,"It's About Time",,"Filth & Pleasure",,,06:43,Dance,House
"Build It Records",BLDR128,191079522309,"Falling Again EP",,"Ash D",2017-06-08,Dance,House,1,USLZJ1781600,Survive,,"Ash D",,,03:54,Dance,House
"Build It Records",BLDR128,191079522309,"Falling Again EP",,"Ash D",2017-06-08,Dance,House,2,USLZJ1781603,"Falling Again",,"Ash D",,,04:59,Dance,House
"Build It Records",BLDR127R,191079492107,Memories,,"Daniels Jack",2017-05-29,Dance,House,1,USLZJ1770633,"Memories (feat. Bella Goldwin & Mikhail Rado)",,"Daniels Jack","Bella Goldwin,Mikhail Rado",,05:46,Dance,House
"Build It Records",BLDR127R,191079492107,Memories,,"Daniels Jack",2017-05-29,Dance,House,2,USLZJ1770634,"Memories (feat. Bella Goldwin & Mikhail Rado)","Gruv1 Remix","Daniels Jack","Bella Goldwin,Mikhail Rado",Gruv1,05:46,Dance,House
"Build It Records",BLDR127,191079482542,Dreams,,"Daniels Jack",2017-05-22,Dance,House,1,USLZJ1770633,"Memories (feat. Bella Goldwin & Mikhail Rado)",,"Daniels Jack","Bella Goldwin,Mikhail Rado",,05:44,Dance,House
"Build It Records",BLDR127,191079482542,Dreams,,"Daniels Jack",2017-05-22,Dance,House,2,USLZJ1770634,"Memories (feat. Bella Goldwin & Mikhail Rado)","Gruv1 Remix","Daniels Jack","Bella Goldwin,Mikhail Rado",Gruv1,05:50,Dance,House
"Build It Records",BLDR126,191079453429,"Street Waveshapers EP",,Mardini,2017-05-15,Dance,"Tech House",1,USLZJ1761326,"Street Waveshapers",,Mardini,,,06:54,Dance,"Tech House"
"Build It Records",BLDR126,191079453429,"Street Waveshapers EP",,Mardini,2017-05-15,Dance,"Tech House",2,USLZJ1761327,Midinight,,Mardini,,,06:18,Dance,"Tech House"
"Build It Records",BLDR125,191079453283,Backwards,,Klokk,2017-05-08,Dance,"Tech House",1,USLZJ1761272,Backwards,,Klokk,,,04:58,Dance,"Tech House"
"Build It Records",BLDR124,191079442096,"Inside Out EP",,Joshrox,2017-05-01,Dance,House,1,USLZJ1758979,Rudeboy,,Joshrox,,,05:02,Dance,"Tech House"
"Build It Records",BLDR124,191079442096,"Inside Out EP",,Joshrox,2017-05-01,Dance,House,2,USLZJ1758980,321,,Joshrox,,,04:30,Dance,"Tech House"
"Build It Records",BLDR124,191079442096,"Inside Out EP",,Joshrox,2017-05-01,Dance,House,3,USLZJ1758981,Nocturnal,,Joshrox,,,05:04,Dance,Breakbeat
"Build It Records",BLDR123,191079423293,Girl,,"John Summit",2017-04-24,Dance,House,1,USLZJ1753796,Girl,,"John Summit",,,05:09,Dance,House
"Build It Records",BLDR122,191079401062,"Still Feel",,Bacosaurus,2017-04-17,Dance,House,1,USLZJ1747819,"Still Feel",,Bacosaurus,,,06:16,Dance,House
"Build It Records",BLDR121,191079394739,"New Era EP",,"Jon Lee",2017-04-10,Dance,House,1,USLZJ1746749,"L Razor",,"Jon Lee",,,06:08,Dance,House
"Build It Records",BLDR121,191079394739,"New Era EP",,"Jon Lee",2017-04-10,Dance,House,2,USLZJ1746750,"All Night",,"Jon Lee",,,06:20,Dance,House
"Build It Records",BLDR119,191079367313,Flux,,ZOI,2017-03-27,Dance,House,1,USLZJ1737317,Flux,,ZOI,,,04:40,Dance,House
"Build It Records",BLDR118,191079319497,"Build It Records: Starter Kit, Vol. 1",,"Various Artists",2017-03-06,Dance,House,1,USLZJ1725335,"Flipped It",,"Mike McFly,Double Drop",,,05:28,Dance,House
"Build It Records",BLDR118,191079319497,"Build It Records: Starter Kit, Vol. 1",,"Various Artists",2017-03-06,Dance,House,2,USLZJ1725336,Arsenic,,Diseace,,,02:41,Dance,House
"Build It Records",BLDR118,191079319497,"Build It Records: Starter Kit, Vol. 1",,"Various Artists",2017-03-06,Dance,House,3,USLZJ1725337,"Phat Sally",,MLTD,,,05:48,Dance,House
"Build It Records",BLDR118,191079319497,"Build It Records: Starter Kit, Vol. 1",,"Various Artists",2017-03-06,Dance,House,4,USLZJ1725338,"Chop Full",,Pirro,,,07:10,Dance,House
"Build It Records",BLDR117,191079290383,"Take 'Em",,Wolfe,2017-02-20,Dance,House,1,USLZJ1718510,"Take 'Em",,Wolfe,,,03:52,Dance,House
"Build It Records",BLDR115,191079255863,"Give Me",,"Luke DB",2017-02-13,Electronic,House,1,USLZJ1709594,"Give Me",,"Luke DB,Pier",,,05:24,Electronic,House
"Build It Records",BLDR116,191079280933,Whoa,,"The Schmidt",2017-02-13,Dance,House,1,USLZJ1715988,Whoa,,"The Schmidt,Diskode",,,04:51,Dance,House
"Build It Records",BLDR114,191079233298,Imperium,,KusKa,2017-01-16,Electronic,House,1,USLZJ1703693,Imperium,,KusKa,,,05:45,Electronic,House
"Build It Records",BLDR113,191079219988,"Build It Records: Best of 2016",,"Various Artists",2017-01-09,Electronic,House,1,USLZJ1606585,"Can't Wait (feat. Alicia Moore)",,UPTWN,"Alicia Moore",,03:43,Electronic,House
"Build It Records",BLDR113,191079219988,"Build It Records: Best of 2016",,"Various Artists",2017-01-09,Electronic,House,2,QZS1Z1630929,Mistakes,,Spaveech,,,04:32,Electronic,House
"Build It Records",BLDR113,191079219988,"Build It Records: Best of 2016",,"Various Artists",2017-01-09,Electronic,House,3,USLZJ1700587,"All Right",,Moustache,,,04:14,Electronic,House
"Build It Records",BLDR113,191079219988,"Build It Records: Best of 2016",,"Various Artists",2017-01-09,Electronic,House,4,QZS1Z1639282,"On The Run (feat. SevenEver)",,"Max Olsen",SevenEver,,05:54,Electronic,House
"Build It Records",BLDR113,191079219988,"Build It Records: Best of 2016",,"Various Artists",2017-01-09,Electronic,House,5,QZS1Z1635876,"I'm In The House",,"The Schmidt",,,04:11,Electronic,House
"Build It Records",BLDR113,191079219988,"Build It Records: Best of 2016",,"Various Artists",2017-01-09,Electronic,House,6,QZS1Z1638006,"Just Like Dat",,"Groove Cartel",,,05:59,Electronic,House
"Build It Records",BLDR113,191079219988,"Build It Records: Best of 2016",,"Various Artists",2017-01-09,Electronic,House,7,QZS1Z1620707,"Missing You",,"Daniels Jack",,,04:52,Electronic,House
"Build It Records",BLDR113,191079219988,"Build It Records: Best of 2016",,"Various Artists",2017-01-09,Electronic,House,8,USLZJ1691458,Never,,"Double Drop",,,05:30,Electronic,House
"Build It Records",BLDR113,191079219988,"Build It Records: Best of 2016",,"Various Artists",2017-01-09,Electronic,House,9,USLZJ1659974,"Your Lies",,"No Idols",,,06:23,Electronic,House
"Build It Records",BLDR113,191079219988,"Build It Records: Best of 2016",,"Various Artists",2017-01-09,Electronic,House,10,USLZJ1568659,"Just Say",,NiQW,,,06:54,Electronic,House
"Build It Records",BLDR113,191079219988,"Build It Records: Best of 2016",,"Various Artists",2017-01-09,Electronic,House,11,USLZJ1661005,Turnin',"FKLS Remix","DJOKO,Rich Pinder",,FKLS,05:25,Electronic,House
"Build It Records",BLDR113,191079219988,"Build It Records: Best of 2016",,"Various Artists",2017-01-09,Electronic,House,12,USLZJ1644033,"Promise You",,"Overthinking,No Hope,MKJAY",,,06:05,Electronic,House
"Build It Records",BLDR113,191079219988,"Build It Records: Best of 2016",,"Various Artists",2017-01-09,Electronic,House,13,USLZJ1579603,"Step Outside","Gruv1 Remix","Cam Northwest",,Gruv1,04:50,Electronic,House
"Build It Records",BLDR113,191079219988,"Build It Records: Best of 2016",,"Various Artists",2017-01-09,Electronic,House,14,USLZJ1621328,Alma,,"Lazo Lingo",,,06:21,Electronic,House
"Build It Records",BLDR113,191079219988,"Build It Records: Best of 2016",,"Various Artists",2017-01-09,Electronic,House,15,USLZJ1633182,Changing,,Arcane,,,04:45,Electronic,House
"Build It Records",BLDR113,191079219988,"Build It Records: Best of 2016",,"Various Artists",2017-01-09,Electronic,House,16,USLZJ1547728,"The Way You Groove",,WAGS,,,05:16,Electronic,House
"Build It Records",BLDR113,191079219988,"Build It Records: Best of 2016",,"Various Artists",2017-01-09,Electronic,House,17,USLZJ1696002,"Tell Me That You Love Me",,Se-Je,,,03:29,Electronic,House
"Build It Records",BLDR113,191079219988,"Build It Records: Best of 2016",,"Various Artists",2017-01-09,Electronic,House,18,USLZJ1547742,"What I Really Need",,"Lex & Wood",,,05:08,Electronic,House
"Build It Records",BLDR113,191079219988,"Build It Records: Best of 2016",,"Various Artists",2017-01-09,Electronic,House,19,USLZJ1555958,"Music Makes Me",,"Daniels Jack",,,04:44,Electronic,House
"Build It Records",BLDR113,191079219988,"Build It Records: Best of 2016",,"Various Artists",2017-01-09,Electronic,House,20,QZS1Z1620753,"Can't You Feel",,"Muff Out",,,06:31,Electronic,House
"Build It Records",BLDR108,191079147007,"Play Together EP",,Vandek,2016-12-12,Dance,House,1,QZS1Z1631596,"Play Together",,"Vandek,Ronald Bass",,,,Dance,House
"Build It Records",BLDR108,191079147007,"Play Together EP",,Vandek,2016-12-12,Dance,House,2,QZS1Z1631597,World,,"Vandek,Ronald Bass",,,,Dance,"Tech House"
"Build It Records",BLDR108,191079147007,"Play Together EP",,Vandek,2016-12-12,Dance,House,3,QZS1Z1631598,Miniature,,"Vandek,Ronald Bass",,,,Dance,"Deep House"
"Build It Records",BLDR112,191079171781,"On The Run",,"Max Olsen",2016-12-12,Dance,House,1,QZS1Z1639282,"On The Run (feat. SevenEver)",,"Max Olsen",SevenEver,,,Dance,House
"Build It Records",BLDR112,191079171781,"On The Run",,"Max Olsen",2016-12-12,Dance,House,2,QZS1Z1639284,"On The Run (feat. SevenEver)","Radio Edit","Max Olsen",SevenEver,,,Dance,House
"Build It Records",BLDR112,191079171781,"On The Run",,"Max Olsen",2016-12-12,Dance,House,3,QZS1Z1639285,"On The Run (feat. SevenEver)","Instrumental Mix","Max Olsen",SevenEver,,,Dance,House
"Build It Records",BLDR111,191079167586,"Just Like Dat",,"Groove Cartel",2016-12-05,Dance,House,1,QZS1Z1638006,"Just Like Dat",,"Groove Cartel",,,,Dance,House
"Build It Records",BLDR110,191079162338,"The Schmidt",,"The Schmidt",2016-11-21,Dance,House,1,QZS1Z1635876,"I'm In The House",,"The Schmidt",,,,Dance,House
"Build It Records",BLDR106,191079109579,"Can't You Feel",,"Muff Out",2016-11-14,Dance,"Tech House",1,QZS1Z1620753,"Can't You Feel",,"Muff Out",,,,Dance,"Tech House"
"Build It Records",BLDR107,191079144358,Mistakes,,Spaveech,2016-11-14,Dance,"Future House",1,QZS1Z1630929,Mistakes,,Spaveech,,,,Dance,"Future House"
"Build It Records",BLDR109,191079149759,"Your Love",,Spaveech,2016-11-14,Dance,House,1,QZS1Z1632255,"Your Love",,Spaveech,,,,Dance,House
"Build It Records",BLDR105,191079109357,"Missing You",,"Daniels Jack",2016-10-31,Dance,"Tech House",1,QZS1Z1620707,"Missing You",,"Daniels Jack",,,,Dance,"Tech House"
"Build It Records",BLDR104,191079083114,"Without You",,Gruv1,2016-10-10,Dance,House,1,QZS1Z1613094,"Without You",,Gruv1,,,,Dance,"Tech House"
"Build It Records",BLDR104,191079083114,"Without You",,Gruv1,2016-10-10,Dance,House,2,QZS1Z1613095,"Without You","Lenny Kiser Remix",Gruv1,,"Lenny Kiser",,Dance,"Deep House"
"Build It Records",BLDR103,191079017584,SZTOS500,,"Apostle Pete",2016-08-29,Dance,House,1,USLZJ1696059,SZTOS500,,"Apostle Pete,Brusikiewicz",,,05:24,Dance,House
"Build It Records",BLDR101,191079001507,Never,,"Double Drop",2016-08-22,Dance,"Deep House",1,USLZJ1691458,Never,,"Double Drop",,,05:30,Dance,"Deep House"
"Build It Records",BLDR102,191079017256,"Tell Me That You Love Me",,Se-Je,2016-08-15,Dance,House,1,USLZJ1696002,"Tell Me That You Love Me",,Se-Je,,,03:29,Dance,House
"Build It Records",BLDR100,811869200704,Heaven,,MKJAY,2016-08-08,Dance,House,1,USLZJ1687987,Heaven,,"MKJAY,Confesser",,,06:09,Dance,House
"Build It Records",BLDR100,811869200704,Heaven,,MKJAY,2016-08-08,Dance,House,2,USLZJ1687989,Heaven,"Chessie Remix","MKJAY,Confesser",,Chessie,06:49,Dance,House
"Build It Records",BLDR099,811869193518,"Whip That",,Drexler,2016-07-25,Dance,House,1,USLZJ1686050,"Whip That",,Drexler,,,04:27,Dance,House
"Build It Records",BLDR099,811869193518,"Whip That",,Drexler,2016-07-25,Dance,House,2,USLZJ1686051,"Whip That","JedX Remix",Drexler,,JedX,06:01,Dance,House
"Build It Records",BLDR098,811869165409,"I Know EP",,"Lenny Warn",2016-07-11,Dance,House,1,USLZJ1678389,"I Know",,"Lenny Warn",,,06:31,Dance,House
"Build It Records",BLDR098,811869165409,"I Know EP",,"Lenny Warn",2016-07-11,Dance,House,2,USLZJ1678390,"The Needle",,"Lenny Warn",,,06:15,Dance,House
"Build It Records",BLDR098,811869165409,"I Know EP",,"Lenny Warn",2016-07-11,Dance,House,3,USLZJ1678393,"I Know","Overtracked & Seconds Remix","Lenny Warn",,"Overtracked,Seconds",05:42,Dance,House
"Build It Records",BLDR098,811869165409,"I Know EP",,"Lenny Warn",2016-07-11,Dance,House,4,USLZJ1678392,"The Needle","Lunoize Remix","Lenny Warn",,Lunoize,06:31,Dance,House
"Build It Records",BLDR096,811869108987,Turnin',,DJOKO,2016-06-27,Dance,House,1,USLZJ1661004,Turnin',,"DJOKO,Rich Pinder",,,05:07,Dance,House
"Build It Records",BLDR096,811869108987,Turnin',,DJOKO,2016-06-27,Dance,House,2,USLZJ1661005,Turnin',"FKLS Remix","DJOKO,Rich Pinder",,FKLS,05:25,Dance,House
"Build It Records",BLDR097,811869134849,"Too Close",,Nocturne,2016-06-27,Dance,House,1,USLZJ1668791,"Too Close",,Nocturne,,,05:11,Dance,House
"Build It Records",BLDR097,811869134849,"Too Close",,Nocturne,2016-06-27,Dance,House,2,USLZJ1668793,"Too Close","Dub Mix",Nocturne,,,05:17,Dance,House
"Build It Records",BLDR095,811869104989,"Your Lies",,"No Idols",2016-06-13,Dance,"Tech House",1,USLZJ1659974,"Your Lies",,"No Idols",,,06:23,Dance,"Tech House"
"Build It Records",BLDR094,811869083925,Burning,,"Lex & Wood",2016-06-06,Dance,House,1,USLZJ1653836,Burning,,"Lex & Wood",,,05:10,Dance,"Deep House"
"Build It Records",BLDR094,811869083925,Burning,,"Lex & Wood",2016-06-06,Dance,House,2,USLZJ1653837,Burning,"KusKa Remix","Lex & Wood",,KusKa,05:06,Dance,House
"Build It Records",BLDR093,811869059548,"Promise You",,Overthinking,2016-05-23,Dance,House,1,USLZJ1644033,"Promise You",,"Overthinking,No Hope,MKJAY",,,06:05,Dance,House
"Build It Records",BLDR091,811869013496,Changing,,Arcane,2016-04-25,Dance,House,1,USLZJ1633182,Changing,,Arcane,,,04:45,Dance,House
"Build It Records",BLDR091,811869013496,Changing,,Arcane,2016-04-25,Dance,House,2,USLZJ1633183,Changing,"Jeromy Nail Remix",Arcane,,"Jeromy Nail",07:21,Dance,House
"Build It Records",BLDR090,811868992990,"Don't You / The Journey",,"Master Simz",2016-04-18,Dance,House,1,USLZJ1627999,"Don't You",,"Master Simz,DJ Jayms",,,06:14,Dance,House
"Build It Records",BLDR090,811868992990,"Don't You / The Journey",,"Master Simz",2016-04-18,Dance,House,2,USLZJ1628003,"The Journey",,"Master Simz,DJ Jayms",,,05:14,Dance,"Tech House"
"Build It Records",BLDR089,811868981154,"Warehouse 99 EP",,KusKa,2016-04-11,Dance,House,1,USLZJ1624110,"Warehouse 99",,KusKa,,,04:14,Dance,House
"Build It Records",BLDR089,811868981154,"Warehouse 99 EP",,KusKa,2016-04-11,Dance,House,2,USLZJ1624111,DRUB,,KusKa,,,04:17,Dance,"Tech House"
"Build It Records",BLDR092,811869013441,"Build It Records: The Collection, Vol. 3",,"Various Artists",2016-04-06,Dance,House,1,USLZJ1548877,"Don't Hold Back",,DJOKO,,,05:17,Dance,"Tech House"
"Build It Records",BLDR092,811869013441,"Build It Records: The Collection, Vol. 3",,"Various Artists",2016-04-06,Dance,House,2,USLZJ1547742,"What I Really Need",,"Lex & Wood",,,05:08,Dance,"Deep House"
"Build It Records",BLDR092,811869013441,"Build It Records: The Collection, Vol. 3",,"Various Artists",2016-04-06,Dance,House,3,USLZJ1560283,"I Don't Need It",,"Cam Northwest",,,06:01,Dance,House
"Build It Records",BLDR092,811869013441,"Build It Records: The Collection, Vol. 3",,"Various Artists",2016-04-06,Dance,House,4,USLZJ1568659,"Just Say",,NiQW,,,06:54,Dance,"Tech House"
"Build It Records",BLDR092,811869013441,"Build It Records: The Collection, Vol. 3",,"Various Artists",2016-04-06,Dance,House,5,USLZJ1547728,"The Way You Groove",,WAGS,,,05:16,Dance,"Deep House"
"Build It Records",BLDR092,811869013441,"Build It Records: The Collection, Vol. 3",,"Various Artists",2016-04-06,Dance,House,6,USLZJ1524429,Juice,,"TUSK,The Bumpy Fool",,,05:09,Dance,House
"Build It Records",BLDR092,811869013441,"Build It Records: The Collection, Vol. 3",,"Various Artists",2016-04-06,Dance,House,7,USLZJ1555958,"Music Makes Me",,"Daniels Jack",,,04:44,Dance,House
"Build It Records",BLDR092,811869013441,"Build It Records: The Collection, Vol. 3",,"Various Artists",2016-04-06,Dance,House,8,USLZJ1567776,Down,"Ben Mono Remix","Rob Me,Frederique",,"Ben Mono",04:43,Dance,"Tech House"
"Build It Records",BLDR092,811869013441,"Build It Records: The Collection, Vol. 3",,"Various Artists",2016-04-06,Dance,House,9,USLZJ1543640,"Don't You Know Remixes","Jeromy Nail Remix",Burkie,,"Jeromy Nail",06:17,Dance,House
"Build It Records",BLDR092,811869013441,"Build It Records: The Collection, Vol. 3",,"Various Artists",2016-04-06,Dance,House,10,USLZJ1555523,"Give It Up (feat. JayBeatz)",,"Soul Steppah",JayBeatz,,04:35,Dance,"Deep House"
"Build It Records",BLDR092,811869013441,"Build It Records: The Collection, Vol. 3",,"Various Artists",2016-04-06,Dance,House,11,USLZJ1569902,"Got Feelings",,Moustache,,,04:27,Dance,House
"Build It Records",BLDR092,811869013441,"Build It Records: The Collection, Vol. 3",,"Various Artists",2016-04-06,Dance,House,12,USLZJ1525428,"The Key",,Ruobin,,,05:48,Dance,House
"Build It Records",BLDR092,811869013441,"Build It Records: The Collection, Vol. 3",,"Various Artists",2016-04-06,Dance,House,13,USLZJ1535810,Respect,,Somersault,,,06:13,Dance,"Tech House"
"Build It Records",BLDR092,811869013441,"Build It Records: The Collection, Vol. 3",,"Various Artists",2016-04-06,Dance,House,14,USLZJ1524216,"Step Outside",,"Cam Northwest",,,05:52,Dance,"Deep House"
"Build It Records",BLDR092,811869013441,"Build It Records: The Collection, Vol. 3",,"Various Artists",2016-04-06,Dance,House,15,USLZJ1533957,Medusa,,"Smith & Anthony",,,05:25,Dance,House
"Build It Records",BLDR092R,811869029176,"Build It Records: The Collection, Vol. 3",,"Various Artists",2016-04-06,Dance,House,1,USLZJ1548877,"Don't Hold Back",,DJOKO,,,05:17,Dance,"Tech House"
"Build It Records",BLDR092R,811869029176,"Build It Records: The Collection, Vol. 3",,"Various Artists",2016-04-06,Dance,House,2,USLZJ1547742,"What I Really Need",,"Lex & Wood",,,05:08,Dance,"Deep House"
"Build It Records",BLDR092R,811869029176,"Build It Records: The Collection, Vol. 3",,"Various Artists",2016-04-06,Dance,House,3,USLZJ1560283,"I Don't Need It",,"Cam Northwest",,,06:01,Dance,House
"Build It Records",BLDR092R,811869029176,"Build It Records: The Collection, Vol. 3",,"Various Artists",2016-04-06,Dance,House,4,USLZJ1568659,"Just Say",,NiQW,,,06:54,Dance,"Tech House"
"Build It Records",BLDR092R,811869029176,"Build It Records: The Collection, Vol. 3",,"Various Artists",2016-04-06,Dance,House,5,USLZJ1547728,"The Way You Groove",,WAGS,,,05:16,Dance,"Deep House"
"Build It Records",BLDR092R,811869029176,"Build It Records: The Collection, Vol. 3",,"Various Artists",2016-04-06,Dance,House,6,USLZJ1524429,Juice,,"TUSK,The Bumpy Fool",,,05:09,Dance,House
"Build It Records",BLDR092R,811869029176,"Build It Records: The Collection, Vol. 3",,"Various Artists",2016-04-06,Dance,House,7,USLZJ1555958,"Music Makes Me",,"Daniels Jack",,,04:44,Dance,House
"Build It Records",BLDR092R,811869029176,"Build It Records: The Collection, Vol. 3",,"Various Artists",2016-04-06,Dance,House,8,USLZJ1567776,Down,"Ben Mono Remix","Rob Me,Frederique",,"Ben Mono",04:43,Dance,"Tech House"
"Build It Records",BLDR092R,811869029176,"Build It Records: The Collection, Vol. 3",,"Various Artists",2016-04-06,Dance,House,9,USLZJ1543640,"Don't You Know","Jeromy Nail Remix",Burkie,,"Jeromy Nail",06:17,Dance,House
"Build It Records",BLDR092R,811869029176,"Build It Records: The Collection, Vol. 3",,"Various Artists",2016-04-06,Dance,House,10,USLZJ1555523,"Give It Up (feat. JayBeatz)",,"Soul Steppah",JayBeatz,,04:35,Dance,"Deep House"
"Build It Records",BLDR092R,811869029176,"Build It Records: The Collection, Vol. 3",,"Various Artists",2016-04-06,Dance,House,11,USLZJ1569902,"Got Feelings",,Moustache,,,04:27,Dance,House
"Build It Records",BLDR092R,811869029176,"Build It Records: The Collection, Vol. 3",,"Various Artists",2016-04-06,Dance,House,12,USLZJ1525428,"The Key",,Ruobin,,,05:48,Dance,House
"Build It Records",BLDR092R,811869029176,"Build It Records: The Collection, Vol. 3",,"Various Artists",2016-04-06,Dance,House,13,USLZJ1535810,Respect,,Somersault,,,06:13,Dance,"Tech House"
"Build It Records",BLDR092R,811869029176,"Build It Records: The Collection, Vol. 3",,"Various Artists",2016-04-06,Dance,House,14,USLZJ1524216,"Step Outside",,"Cam Northwest",,,05:52,Dance,"Deep House"
"Build It Records",BLDR092R,811869029176,"Build It Records: The Collection, Vol. 3",,"Various Artists",2016-04-06,Dance,House,15,USLZJ1533957,Medusa,,"Smith & Anthony",,,05:25,Dance,House
"Build It Records",BLDR088,811868973227,"Enough For Everyone",,"Cam Northwest",2016-04-04,Dance,House,1,USLZJ1621339,"Enough For Everyone",,"Cam Northwest,Daniels Jack",,,05:48,Dance,"Deep House"
"Build It Records",BLDR088,811868973227,"Enough For Everyone",,"Cam Northwest",2016-04-04,Dance,House,2,USLZJ1621340,"Enough For Everyone","Lenny Warn Remix","Cam Northwest,Daniels Jack",,"Lenny Warn",06:53,Dance,House
"Build It Records",BLDR087,811868973197,"Somewhere Else EP",,"Lazo Lingo",2016-03-28,Dance,House,1,USLZJ1621323,"Dark Pink",,"Lazo Lingo",,,05:20,Dance,House
"Build It Records",BLDR087,811868973197,"Somewhere Else EP",,"Lazo Lingo",2016-03-28,Dance,House,2,USLZJ1621328,Alma,,"Lazo Lingo",,,06:21,Dance,House
"Build It Records",BLDR086,811868966038,"These Walls",,"Caique Carvalho",2016-03-21,Dance,"Tech House",1,USLZJ1618422,"These Walls",,"Caique Carvalho",,,05:43,Dance,"Tech House"
"Build It Records",BLDR086,811868966038,"These Walls",,"Caique Carvalho",2016-03-21,Dance,"Tech House",2,USLZJ1618423,"These Walls","Instrumental Mix","Caique Carvalho",,,05:43,Dance,"Tech House"
"Build It Records",BLDR085,811868958163,"Feelings / Delusion",,"Lenny Warn",2016-03-14,Dance,House,1,USLZJ1615829,Feelings,,"Lenny Warn",,,05:49,Dance,House
"Build It Records",BLDR085,811868958163,"Feelings / Delusion",,"Lenny Warn",2016-03-14,Dance,House,2,USLZJ1615832,Delusion,,"Lenny Warn",,,06:53,Dance,House
"Build It Records",BLDR084,811868957791,"Motion / All Right",,Moustache,2016-03-09,Dance,House,1,USLZJ1615731,Motion,,Moustache,,,04:16,Dance,House
"Build It Records",BLDR084,811868957791,"Motion / All Right",,Moustache,2016-03-09,Dance,House,2,USLZJ1615732,"All Right",,Moustache,,,04:14,Dance,House
"Build It Records",BLDR083,811868926773,"No Pressure EP",,"Space Jump Salute",2016-03-07,Dance,House,1,USLZJ1606321,"No Pressure",,"Space Jump Salute",,,06:34,Dance,House
"Build It Records",BLDR083,811868926773,"No Pressure EP",,"Space Jump Salute",2016-03-07,Dance,House,2,USLZJ1606324,Body,,"Space Jump Salute",,,05:38,Dance,House
"Build It Records",BLDR082,811868943947,"Your Body",,"Fractal System",2016-02-29,Dance,House,1,USLZJ1419106,"Your Body",,"Fractal System",,,06:55,Dance,House
"Build It Records",BLDR082,811868943947,"Your Body",,"Fractal System",2016-02-29,Dance,House,2,USLZJ1610529,"Your Body","JedX Remix","Fractal System",,JedX,08:04,Dance,House
"Build It Records",BLDR082,811868943947,"Your Body",,"Fractal System",2016-02-29,Dance,House,3,USLZJ1610530,"Your Body","Rob Me Remix","Fractal System",,"Rob Me",08:03,Dance,"Tech House"
"Build It Records",BLDR081,811868943893,Shakedown,,Mofaux,2016-02-22,Dance,House,1,USLZJ1610500,Shakedown,,Mofaux,,,05:13,Dance,House
"Build It Records",BLDR081,811868943893,Shakedown,,Mofaux,2016-02-22,Dance,House,2,USLZJ1610502,Shakedown,"Daniels Jack & Shuhandz Remix",Mofaux,,"Daniels Jack,Shuhandz",05:01,Dance,House
"Build It Records",BLDR080,811868927343,"Can't Wait",,UPTWN,2016-02-15,Dance,House,1,USLZJ1606585,"Can't Wait (feat. Alicia Moore)",,UPTWN,"Alicia Moore",,03:43,Dance,House
"Build It Records",BLDR080,811868927343,"Can't Wait",,UPTWN,2016-02-15,Dance,House,2,USLZJ1606586,"Can't Wait (feat. Alicia Moore)","Tonally Remix",UPTWN,"Alicia Moore",Tonally,04:58,Dance,"Deep House"
"Build It Records",BLDR079,811868919096,"Ultramarine EP",,Somersault,2016-02-08,Dance,"Deep House",1,USLZJ1604250,"The Plunge",,Somersault,,,08:09,Dance,"Deep House"
"Build It Records",BLDR079,811868919096,"Ultramarine EP",,Somersault,2016-02-08,Dance,"Deep House",2,USLZJ1604251,"The Current",,Somersault,,,09:08,Dance,"Deep House"
"Build It Records",BLDR079,811868919096,"Ultramarine EP",,Somersault,2016-02-08,Dance,"Deep House",3,USLZJ1604252,"The Ascent",,Somersault,,,07:33,Dance,"Deep House"
"Build It Records",BLDR079,811868919096,"Ultramarine EP",,Somersault,2016-02-08,Dance,"Deep House",4,USLZJ1604253,"The Breath",,Somersault,,,08:35,Dance,"Tech House"
"Build It Records",BLDR078R,811868926551,"I Know (I Need Somebody)",,DJOKO,2016-02-02,Dance,House,1,USLZJ1561941,"I Know (I Need Somebody)",,DJOKO,,,06:28,Dance,House
"Build It Records",BLDR078R,811868926551,"I Know (I Need Somebody)",,DJOKO,2016-02-02,Dance,House,2,USLZJ1598233,"I Know (I Need Somebody)","Chris Gresswell Remix",DJOKO,,"Chris Gresswell",05:40,Dance,House
"Build It Records",BLDR078R,811868926551,"I Know (I Need Somebody)",,DJOKO,2016-02-02,Dance,House,3,USLZJ1598234,"I Know (I Need Somebody)","So Schway Remix",DJOKO,,"So Schway",05:51,Dance,"Tech House"
"Build It Records",BLDR078R,811868926551,"I Know (I Need Somebody)",,DJOKO,2016-02-02,Dance,House,4,USLZJ1598235,"I Know (I Need Somebody)","Hutchinson Remix",DJOKO,,Hutchinson,06:29,Dance,"Tech House"
"Build It Records",BLDR078R,811868926551,"I Know (I Need Somebody)",,DJOKO,2016-02-02,Dance,House,5,USLZJ1598236,"I Know (I Need Somebody)","Tre Smith Remix",DJOKO,,"Tre Smith",05:59,Dance,House
"Build It Records",BLDR078,811868805832,"I Know (I Need Somebody)",,DJOKO,2016-02-01,Dance,House,1,USLZJ1561941,"I Know (I Need Somebody)",,DJOKO,,,06:28,Dance,House
"Build It Records",BLDR078,811868805832,"I Know (I Need Somebody)",,DJOKO,2016-02-01,Dance,House,2,USLZJ1598233,"I Know (I Need Somebody)","Chris Gresswell Remix",DJOKO,,"Chris Gresswell",05:40,Dance,House
"Build It Records",BLDR078,811868805832,"I Know (I Need Somebody)",,DJOKO,2016-02-01,Dance,House,3,USLZJ1598234,"I Know (I Need Somebody)","So Schway Remix",DJOKO,,"So Schway",06:29,Dance,"Tech House"
"Build It Records",BLDR078,811868805832,"I Know (I Need Somebody)",,DJOKO,2016-02-01,Dance,House,4,USLZJ1598235,"I Know (I Need Somebody)","Hutchinson Remix",DJOKO,,Hutchinson,05:51,Dance,"Tech House"
"Build It Records",BLDR078,811868805832,"I Know (I Need Somebody)",,DJOKO,2016-02-01,Dance,House,5,USLZJ1598236,"I Know (I Need Somebody)","Tre Smith Remix",DJOKO,,"Tre Smith",05:59,Dance,House
"Build It Records",BLDR077,811868894645,"Get Away",,HoodRat,2016-01-25,Dance,House,1,USLZJ1595122,"Get Away",,HoodRat,,,06:27,Dance,"Deep House"
"Build It Records",BLDR077,811868894645,"Get Away",,HoodRat,2016-01-25,Dance,House,2,USLZJ1595123,"Get Away","Jamie Brennan Remix",HoodRat,,"Jamie Brennan",05:48,Dance,"Tech House"
"Build It Records",BLDR076,811868871066,"Feel So Good / Be With You",,"Lenny Warn",2016-01-04,Dance,"Deep House",1,USLZJ1585293,"Feel So Good",,"Lenny Warn",,,05:43,Dance,"Deep House"
"Build It Records",BLDR076,811868871066,"Feel So Good / Be With You",,"Lenny Warn",2016-01-04,Dance,"Deep House",2,USLZJ1585294,"Be With You",,"Lenny Warn",,,05:12,Dance,"Deep House"
"Build It Records",BLDR073,811868851709,"Step Outside Remixes",,"Cam Northwest",2015-12-21,Dance,House,1,USLZJ1579600,"Step Outside","JedX Remix","Cam Northwest",,JedX,07:18,Dance,House
"Build It Records",BLDR073,811868851709,"Step Outside Remixes",,"Cam Northwest",2015-12-21,Dance,House,2,USLZJ1579601,"Step Outside","Lex & Wood & Robisto Remix","Cam Northwest",,"Lex & Wood,Robisto",04:44,Dance,"Progressive House"
"Build It Records",BLDR073,811868851709,"Step Outside Remixes",,"Cam Northwest",2015-12-21,Dance,House,3,USLZJ1579602,"Step Outside","Daniels Jack Remix","Cam Northwest",,"Daniels Jack",04:33,Dance,"Deep House"
"Build It Records",BLDR073,811868851709,"Step Outside Remixes",,"Cam Northwest",2015-12-21,Dance,House,4,USLZJ1579603,"Step Outside","Gruv1 Remix","Cam Northwest",,Gruv1,04:50,Dance,"Deep House"
"Build It Records",BLDR073,811868851709,"Step Outside Remixes",,"Cam Northwest",2015-12-21,Dance,House,5,USLZJ1524216,"Step Outside",,"Cam Northwest",,,05:52,Dance,House
"Build It Records",BLDR072,811868843995,"My Soul / Summer Noise",,Rocksted,2015-12-14,Dance,House,1,USLZJ1575550,"My Soul",,Rocksted,,,05:40,Dance,House
"Build It Records",BLDR072,811868843995,"My Soul / Summer Noise",,Rocksted,2015-12-14,Dance,House,2,USLZJ1575551,"Summer Noise",,Rocksted,,,04:57,Dance,House
"Build It Records",BLDR075,811868859446,"Nature EP",,MKJAY,2015-12-14,Dance,House,1,USLZJ1581865,"Bird's Song",,"MKJAY,No Hope",,,05:31,Dance,House
"Build It Records",BLDR075,811868859446,"Nature EP",,MKJAY,2015-12-14,Dance,House,2,USLZJ1581867,"Luv Me",,MKJAY,,,04:26,Dance,"Deep House"
"Build It Records",BLDR070,811868831541,"Habituator EP",,KusKa,2015-12-07,Dance,"Tech House",1,USLZJ1570546,Habituator,,KusKa,,,05:47,Dance,"Tech House"
"Build It Records",BLDR070,811868831541,"Habituator EP",,KusKa,2015-12-07,Dance,"Tech House",2,USLZJ1570547,"Burn Inside",,KusKa,,,05:18,Dance,"Tech House"
"Build It Records",BLDR070,811868831541,"Habituator EP",,KusKa,2015-12-07,Dance,"Tech House",3,USLZJ1570548,Doppleganger,,KusKa,,,05:16,Dance,"Deep House"
"Build It Records",BLDR069,811868829913,"Going On / Got Feelings",,Moustache,2015-11-30,Dance,House,1,USLZJ1569901,"Going On",,Moustache,,,04:24,Dance,House
"Build It Records",BLDR069,811868829913,"Going On / Got Feelings",,Moustache,2015-11-30,Dance,House,2,USLZJ1569902,"Got Feelings",,Moustache,,,04:27,Dance,"Deep House"
"Build It Records",BLDR074,811868852478,Outside,,Moustache,2015-11-25,Dance,House,1,USLZJ1579762,Outside,,Moustache,,,03:41,Dance,House
"Build It Records",BLDR068,811868824543,"Just Say / Escalation",,NiQW,2015-11-23,Dance,"Tech House",1,USLZJ1568659,"Just Say",,NiQW,,,06:54,Dance,"Tech House"
"Build It Records",BLDR068,811868824543,"Just Say / Escalation",,NiQW,2015-11-23,Dance,"Tech House",2,USLZJ1568660,Escalation,,NiQW,,,06:45,Dance,"Tech House"
"Build It Records",BLDR071,811868840345,Snaresbrook,,Den5ity,2015-11-18,Dance,"Tech House",1,USLZJ1574558,Snaresbrook,,Den5ity,,,05:48,Dance,"Tech House"
"Build It Records",BLDR067,811868822525,"Down Remixes",,"Rob Me",2015-11-16,Dance,House,1,USLZJ1567776,Down,"Ben Mono Remix","Rob Me,Frederique",,"Ben Mono",04:43,Dance,"Tech House"
"Build It Records",BLDR067,811868822525,"Down Remixes",,"Rob Me",2015-11-16,Dance,House,2,USLZJ1567778,Down,"FKLS Remix","Rob Me,Frederique",,FKLS,06:19,Dance,House
"Build It Records",BLDR067,811868822525,"Down Remixes",,"Rob Me",2015-11-16,Dance,House,3,USLZJ1567780,Down,"Daniels Jack Remix","Rob Me,Frederique",,"Daniels Jack",04:46,Dance,"Tech House"
"Build It Records",BLDR067,811868822525,"Down Remixes",,"Rob Me",2015-11-16,Dance,House,4,USLZJ1567781,Down,"Mike Kelly SA Remix","Rob Me,Frederique",,"Mike Kelly (SA)",06:35,Dance,"Deep House"
"Build It Records",BLDR067,811868822525,"Down Remixes",,"Rob Me",2015-11-16,Dance,House,5,USLZJ1567783,Down,,"Rob Me,Frederique",,,06:30,Dance,"Tech House"
"Build It Records",BLDR067R,811868838076,"Down Remixes",,"Rob Me",2015-11-16,Dance,House,1,USLZJ1567776,Down,"Ben Mono Remix","Rob Me,Frederique",,"Ben Mono",04:43,Dance,"Tech House"
"Build It Records",BLDR067R,811868838076,"Down Remixes",,"Rob Me",2015-11-16,Dance,House,2,USLZJ1567778,Down,"FKLS Remix","Rob Me,Frederique",,FKLS,06:19,Dance,House
"Build It Records",BLDR067R,811868838076,"Down Remixes",,"Rob Me",2015-11-16,Dance,House,3,USLZJ1567780,Down,"Daniels Jack Remix","Rob Me,Frederique",,"Daniels Jack",04:46,Dance,"Tech House"
"Build It Records",BLDR067R,811868838076,"Down Remixes",,"Rob Me",2015-11-16,Dance,House,4,USLZJ1567781,Down,"Mike Kelly SA Remix","Rob Me,Frederique",,"Mike Kelly (SA)",06:36,Dance,"Deep House"
"Build It Records",BLDR067R,811868838076,"Down Remixes",,"Rob Me",2015-11-16,Dance,House,5,USLZJ1567783,Down,,"Rob Me,Frederique",,,06:30,Dance,"Tech House"
"Build It Records",BLDR064,811868785998,"Music Makes Me / Without You",,"Daniels Jack",2015-10-26,Dance,House,1,USLZJ1555958,"Music Makes Me",,"Daniels Jack",,,04:44,Dance,"Tech House"
"Build It Records",BLDR064,811868785998,"Music Makes Me / Without You",,"Daniels Jack",2015-10-26,Dance,House,2,USLZJ1555959,"Without You",,"Daniels Jack",,,05:17,Dance,"Deep House"
"Build It Records",BLDR062,811868778549,"Vibes On Me / Amon Ra",,E.Quest,2015-10-19,Dance,House,1,USLZJ1553042,"Vibes On Me",,E.Quest,,,06:22,Dance,"Deep House"
"Build It Records",BLDR062,811868778549,"Vibes On Me / Amon Ra",,E.Quest,2015-10-19,Dance,House,2,USLZJ1553043,"Amon Ra",,E.Quest,,,06:14,Dance,House
"Build It Records",BLDR066,811868807621,"Touch & Feel / Big Ben",,Somersault,2015-10-19,Dance,House,1,USLZJ1563092,"Touch & Feel",,Somersault,,,06:57,Dance,"Deep House"
"Build It Records",BLDR066,811868807621,"Touch & Feel / Big Ben",,Somersault,2015-10-19,Dance,House,2,USLZJ1563093,"Big Ben",,Somersault,,,07:27,Dance,"Tech House"
"Build It Records",BLDR063,811868784670,"Give It Up / Take Me Away",,"Soul Steppah",2015-10-14,Dance,"Deep House",1,USLZJ1555523,"Give It Up (feat. JayBeatz)",,"Soul Steppah",JayBeatz,,04:35,Dance,"Deep House"
"Build It Records",BLDR063,811868784670,"Give It Up / Take Me Away",,"Soul Steppah",2015-10-14,Dance,"Deep House",2,USLZJ1555524,"Take Me Away (feat. JayBeatz)",,"Soul Steppah",JayBeatz,,04:18,Dance,"Deep House"
"Build It Records",BLDR065,811868799827,"I Don't Need It",,"Cam Northwest",2015-10-14,Dance,House,1,USLZJ1560283,"I Don't Need It",,"Cam Northwest",,,06:01,Dance,House
"Build It Records",BLDR061,811868766188,"Don't Hold Back",,DJOKO,2015-10-12,Dance,"Tech House",1,USLZJ1548877,"Don't Hold Back",,DJOKO,,,05:17,Dance,"Tech House"
"Build It Records",BLDR059,811868762975,"Pendulum / Waters Inn",,"Jaques Le Noir",2015-10-05,Dance,House,1,USLZJ1547758,Pendulum,,"Jaques Le Noir",,,03:40,Dance,House
"Build It Records",BLDR059,811868762975,"Pendulum / Waters Inn",,"Jaques Le Noir",2015-10-05,Dance,House,2,USLZJ1547759,"Waters Inn",,"Jaques Le Noir",,,03:40,Dance,House
"Build It Records",BLDR058,811868762968,"What I Really Need",,"Lex & Wood",2015-09-30,Dance,"Deep House",1,USLZJ1547742,"What I Really Need",,"Lex & Wood",,,05:09,Dance,"Deep House"
"Build It Records",BLDR057,811868762883,"The Way You Groove",,WAGS,2015-09-28,Dance,"Deep House",1,USLZJ1547728,"The Way You Groove",,WAGS,,,05:16,Dance,"Deep House"
"Build It Records",BLDR060,811868766102,"Build It Records: The Collection, Vol. 2",,"Various Artists",2015-09-23,Dance,House,2,USLZJ1548834,Down,,"Rob Me,Frederique",,,06:30,Dance,"Tech House"
"Build It Records",BLDR060,811868766102,"Build It Records: The Collection, Vol. 2",,"Various Artists",2015-09-23,Dance,House,3,USLZJ1548836,Troubles,"Dark Mix",TUSK,,,05:19,Dance,House
"Build It Records",BLDR060,811868766102,"Build It Records: The Collection, Vol. 2",,"Various Artists",2015-09-23,Dance,House,1,USLZJ1548837,Breathe,,"MKLY (SA)",,,06:15,Dance,"Tech House"
"Build It Records",BLDR060,811868766102,"Build It Records: The Collection, Vol. 2",,"Various Artists",2015-09-23,Dance,House,4,USLZJ1548839,"Cocaine Bar",,FKLS,,,06:00,Dance,"Tech House"
"Build It Records",BLDR060,811868766102,"Build It Records: The Collection, Vol. 2",,"Various Artists",2015-09-23,Dance,House,5,USLZJ1548842,"Don't Wanna Stop",,"JOE MACC",,,05:17,Dance,"Deep House"
"Build It Records",BLDR060,811868766102,"Build It Records: The Collection, Vol. 2",,"Various Artists",2015-09-23,Dance,House,6,USLZJ1548843,"The Bay",,"Rob Me",,,06:30,Dance,House
"Build It Records",BLDR060,811868766102,"Build It Records: The Collection, Vol. 2",,"Various Artists",2015-09-23,Dance,House,7,USLZJ1548844,"The Thought Of You",,Transcode,,,06:15,Dance,House
"Build It Records",BLDR060,811868766102,"Build It Records: The Collection, Vol. 2",,"Various Artists",2015-09-23,Dance,House,8,USLZJ1548846,"Frequency Test",,"Frederique,Aaron Jackson",,,05:24,Dance,"Tech House"
"Build It Records",BLDR060,811868766102,"Build It Records: The Collection, Vol. 2",,"Various Artists",2015-09-23,Dance,House,9,USLZJ1548847,"I've Found Something",,"James Zed",,,05:00,Dance,House
"Build It Records",BLDR060,811868766102,"Build It Records: The Collection, Vol. 2",,"Various Artists",2015-09-23,Dance,House,10,USLZJ1548849,Crystals,,"Dude Dempsey",,,04:33,Dance,House
"Build It Records",BLDR060,811868766102,"Build It Records: The Collection, Vol. 2",,"Various Artists",2015-09-23,Dance,House,11,USLZJ1548850,"Want You",,"Daniels Jack",,,04:29,Dance,"Deep House"
"Build It Records",BLDR060,811868766102,"Build It Records: The Collection, Vol. 2",,"Various Artists",2015-09-23,Dance,House,12,USLZJ1548853,"Love You No More",,"Dene Antony",,,06:41,Dance,"Deep House"
"Build It Records",BLDR060,811868766102,"Build It Records: The Collection, Vol. 2",,"Various Artists",2015-09-23,Dance,House,13,USLZJ1548855,"Let's Get It",,Den5ity,,,04:30,Dance,House
"Build It Records",BLDR060,811868766102,"Build It Records: The Collection, Vol. 2",,"Various Artists",2015-09-23,Dance,House,14,USLZJ1548856,"Hold Me",,"Chris Skapetis",,,05:25,Dance,House
"Build It Records",BLDR060,811868766102,"Build It Records: The Collection, Vol. 2",,"Various Artists",2015-09-23,Dance,House,15,USLZJ1548858,"The Light",,"Gruv1,Mesler",,,06:26,Dance,House
"Build It Records",BLDR056,811868755694,"A New Beginning EP",,"Mij Mack",2015-09-21,Dance,"Tech House",1,USLZJ1545618,Saturday,,"Mij Mack",,,04:11,Dance,"Tech House"
"Build It Records",BLDR056,811868755694,"A New Beginning EP",,"Mij Mack",2015-09-21,Dance,"Tech House",2,USLZJ1545620,S.O.S.,,"Mij Mack",,,04:55,Dance,"Tech House"
"Build It Records",BLDR056,811868755694,"A New Beginning EP",,"Mij Mack",2015-09-21,Dance,"Tech House",3,USLZJ1545621,"Move On",,"Mij Mack",,,05:27,Dance,House
"Build It Records",BLDR055,811868749365,"Don't You Know Remixes",,Burkie,2015-09-14,Dance,House,1,USLZJ1543638,"Don't You Know","Fractal System Remix",Burkie,,"Fractal System",05:40,Dance,House
"Build It Records",BLDR055,811868749365,"Don't You Know Remixes",,Burkie,2015-09-14,Dance,House,2,USLZJ1543639,"Don't You Know","Moustache Remix",Burkie,,Moustache,04:42,Dance,"Deep House"
"Build It Records",BLDR055,811868749365,"Don't You Know Remixes",,Burkie,2015-09-14,Dance,House,3,USLZJ1543640,"Don't You Know","Jeromy Nail Remix",Burkie,,"Jeromy Nail",06:17,Dance,House
"Build It Records",BLDR055,811868749365,"Don't You Know Remixes",,Burkie,2015-09-14,Dance,House,4,USLZJ1543641,"Don't You Know","Mike Kelly SA Remix",Burkie,,"Mike Kelly (SA)",05:32,Dance,"Deep House"
"Build It Records",BLDR055,811868749365,"Don't You Know Remixes",,Burkie,2015-09-14,Dance,House,5,USLZJ1543642,"Don't You Know",,Burkie,,,05:50,Dance,House
"Build It Records",BLDR054,811868739458,Higher,,I.N.H.,2015-09-07,Dance,House,1,USLZJ1540818,Higher,,I.N.H.,,,04:38,Dance,House
"Build It Records",BLDR053,811868738239,"Houston Funk EP",,"Nina Wilde",2015-08-31,Dance,House,1,USLZJ1540485,"Houston (feat. Faceless)",,"Nina Wilde",Faceless,,04:32,Dance,House
"Build It Records",BLDR053,811868738239,"Houston Funk EP",,"Nina Wilde",2015-08-31,Dance,House,2,USLZJ1540487,"Wanna Funk",,"Nina Wilde,Tom Finn",,,04:53,Dance,"Tech House"
"Build It Records",BLDR053,811868738239,"Houston Funk EP",,"Nina Wilde",2015-08-31,Dance,House,3,USLZJ1540488,"Tomorrow (feat. Unique The Vision)",,"Nina Wilde,Little Ant","Unique The Vision",,05:14,Dance,House
"Build It Records",BLDR052,811868731865,"Who's Got Your Love / Solstice",,HYVE,2015-08-24,Dance,House,1,USLZJ1538747,"Who's Got Your Love",,HYVE,,,04:27,Dance,House
"Build It Records",BLDR052,811868731865,"Who's Got Your Love / Solstice",,HYVE,2015-08-24,Dance,House,2,USLZJ1538748,Solstice,,HYVE,,,04:26,Dance,House
"Build It Records",BLDR051,811868726502,"Format / To The Limit And Beyond",,"Rob Me",2015-08-17,Dance,House,1,USLZJ1536973,Format,,"Rob Me",,,06:50,Dance,House
"Build It Records",BLDR051,811868726502,"Format / To The Limit And Beyond",,"Rob Me",2015-08-17,Dance,House,2,USLZJ1536974,"To The Limit And Beyond",,"Rob Me",,,07:32,Dance,House
"Build It Records",BLDR049,811868722191,"Devotion / Respect",,Somersault,2015-08-10,Dance,"Tech House",1,USLZJ1535809,Devotion,,Somersault,,,06:31,Dance,"Tech House"
"Build It Records",BLDR049,811868722191,"Devotion / Respect",,Somersault,2015-08-10,Dance,"Tech House",2,USLZJ1535810,Respect,,Somersault,,,06:13,Dance,"Tech House"
"Build It Records",BLDR047,811868716442,Medusa,,"Smith & Anthony",2015-08-03,Dance,House,1,USLZJ1533957,Medusa,,"Smith & Anthony",,,05:25,Dance,House
"Build It Records",BLDR046,811868703060,"Slightly Transformed / Stamper",,Lunoize,2015-07-27,Dance,"Tech House",1,USLZJ1529871,"Slightly Transformed",,"Lunoize,Alex Willson",,,04:57,Dance,"Tech House"
"Build It Records",BLDR046,811868703060,"Slightly Transformed / Stamper",,Lunoize,2015-07-27,Dance,"Tech House",2,USLZJ1529872,Stamper,,"Lunoize,Alex Willson",,,05:25,Dance,"Tech House"
"Build It Records",BLDR050,811868723358,"And Again",,"Cam Northwest",2015-07-22,Dance,"Deep House",1,USLZJ1536132,"And Again",,"Cam Northwest",,,05:28,Dance,"Deep House"
"Build It Records",BLDR044,811868700816,"Booty Hoes",,"Smookie Illson",2015-07-20,Dance,House,1,USLZJ1529442,"Booty Hoes (feat. Fly Boi Keno)",,"Smookie Illson","Fly Boi Keno",,03:16,Dance,House
"Build It Records",BLDR044,811868700816,"Booty Hoes",,"Smookie Illson",2015-07-20,Dance,House,2,USLZJ1529443,"Booty Hoes (feat. Fly Boi Keno)","Instrumental Mix","Smookie Illson","Fly Boi Keno",,03:16,Dance,House
"Build It Records",BLDR048,811868717821,AEIOU,,Udachi,2015-07-15,Dance,House,1,USLZJ1534581,AEIOU,,Udachi,,,04:40,Dance,House
"Build It Records",BLDR043,811868696522,"& Friends EP",,"Chris Gresswell",2015-07-13,Dance,House,1,USLZJ1528634,"Think That",,"Chris Gresswell,Gaz Trigg",,,05:17,Dance,House
"Build It Records",BLDR043,811868696522,"& Friends EP",,"Chris Gresswell",2015-07-13,Dance,House,2,USLZJ1528636,"Perfect Situation",,"Chris Gresswell,DJOKO",,,06:53,Dance,House
"Build It Records",BLDR043,811868696522,"& Friends EP",,"Chris Gresswell",2015-07-13,Dance,House,3,USLZJ1528638,Voices,,"Chris Gresswell,Gaz Trigg",,,04:11,Dance,"Deep House"
"Build It Records",BLDR043,811868696522,"& Friends EP",,"Chris Gresswell",2015-07-13,Dance,House,4,USLZJ1528639,"The Summit",,"Chris Gresswell",,,04:37,Dance,House
"Build It Records",BLDR043,811868696522,"& Friends EP",,"Chris Gresswell",2015-07-13,Dance,House,5,USLZJ1528641,24/7,,"Chris Gresswell",,,05:34,Dance,House
"Build It Records",BLDR042,811868691190,"Makaveli / Gotta",,DopekidJay,2015-07-06,Dance,House,1,USLZJ1527423,Makaveli,,"DopekidJay,Sadkiel",,,04:12,Dance,House
"Build It Records",BLDR042,811868691190,"Makaveli / Gotta",,DopekidJay,2015-07-06,Dance,House,2,USLZJ1527424,Gotta,,DopekidJay,,,04:23,Dance,House
"Build It Records",BLDR041,811868687124,"The Key / Perv",,Ruobin,2015-06-29,Dance,"Tech House",1,USLZJ1525428,"The Key",,Ruobin,,,05:48,Dance,"Tech House"
"Build It Records",BLDR041,811868687124,"The Key / Perv",,Ruobin,2015-06-29,Dance,"Tech House",2,USLZJ1525429,Perv,,Ruobin,,,06:53,Dance,"Tech House"
"Build It Records",BLDR039,811868681191,"Step Outside",,"Cam Northwest",2015-06-22,Dance,"Deep House",1,USLZJ1524216,"Step Outside",,"Cam Northwest",,,05:52,Dance,"Deep House"
"Build It Records",BLDR037,811868695396,"Didn't Want To Hurt You (Vocal VIP)",,Transcode,2015-06-17,Dance,House,1,USLZJ1528325,"Didn't Want To Hurt You","Vocal VIP",Transcode,,,07:12,Dance,House
"Build It Records",BLDR036,811868671727,"While Everyone Sleeps EP",,"Daniels Jack",2015-06-15,Dance,House,1,USLZJ1522246,"Want You",,"Daniels Jack",,,04:29,Dance,"Deep House"
"Build It Records",BLDR036,811868671727,"While Everyone Sleeps EP",,"Daniels Jack",2015-06-15,Dance,House,2,USLZJ1522247,"While Everyone Sleeps",,"Daniels Jack",,,04:54,Dance,"Tech House"
"Build It Records",BLDR036,811868671727,"While Everyone Sleeps EP",,"Daniels Jack",2015-06-15,Dance,House,3,USLZJ1522249,Muse,,"Daniels Jack,Shuhandz",,,04:38,Dance,House
"Build It Records",BLDR045,811868702520,Heat,,Ruobin,2015-06-10,Dance,"Tech House",1,USLZJ1529756,Heat,,Ruobin,,,06:53,Dance,"Tech House"
"Build It Records",BLDR035,811868671710,"Cocaine Bar EP",,FKLS,2015-06-01,Dance,"Tech House",1,USLZJ1522243,"Cocaine Bar",,FKLS,,,06:00,Dance,"Tech House"
"Build It Records",BLDR035,811868671710,"Cocaine Bar EP",,FKLS,2015-06-01,Dance,"Tech House",2,USLZJ1522244,"Don't F Around",,FKLS,,,05:18,Dance,"Tech House"
"Build It Records",BLDR040,811868682341,Juice,,TUSK,2015-05-27,Dance,House,1,USLZJ1524429,Juice,,"TUSK,The Bumpy Fool",,,05:09,Dance,House
"Build It Records",BLDR034,811868666679,Crystals,,"Dude Dempsey",2015-05-25,Dance,House,1,USLZJ1521182,Crystals,,"Dude Dempsey",,,04:33,Dance,House
"Build It Records",BLDR033,811868662138,"I've Found Something",,"James Zed",2015-05-18,Dance,House,1,USLZJ1520254,"I've Found Something",,"James Zed",,,05:00,Dance,House
"Build It Records",BLDR032,811868656137,"Find Me",,Jakzon,2015-05-11,Dance,House,1,USLZJ1519057,"Find Me",,Jakzon,,,05:24,Dance,House
"Build It Records",BLDR038,811868677491,Darkside,,"He Who Dares",2015-05-06,Dance,House,1,USLZJ1523497,Darkside,,"He Who Dares,Catch22",,,04:39,Dance,House
"Build It Records",BLDR030,811868648781,"Didn't Want To Hurt You",,Transcode,2015-04-27,Dance,House,1,USLZJ1517740,"Didn't Want To Hurt You",,Transcode,,,07:12,Dance,House
"Build It Records",BLDR030,811868648781,"Didn't Want To Hurt You",,Transcode,2015-04-27,Dance,House,2,USLZJ1517741,"The Thought Of You",,Transcode,,,06:15,Dance,House
"Build It Records",BLDR027,811868624518,"Hold Me",,"Chris Skapetis",2015-04-20,Dance,House,1,UZLZJ1505908,"Hold Me",,"Chris Skapetis",,,05:25,Dance,House
"Build It Records",BLDR031,811868652412,"The Collection, Vol. 1",,"Various Artists",2015-04-20,Dance,House,1,USLZJ1425833,"Don't You Know",,Burkie,,,05:50,Dance,"Deep House"
"Build It Records",BLDR031,811868652412,"The Collection, Vol. 1",,"Various Artists",2015-04-20,Dance,House,2,USLZJ1411222,"Afro Dizzy Act",,"JOE MACC",,,05:42,Dance,"Deep House"
"Build It Records",BLDR031,811868652412,"The Collection, Vol. 1",,"Various Artists",2015-04-20,Dance,House,3,USLZJ1419090,"Just Words",,"The Surreal'ist",,,05:40,Dance,"Tech House"
"Build It Records",BLDR031,811868652412,"The Collection, Vol. 1",,"Various Artists",2015-04-20,Dance,House,4,USLZJ1412166,"Keep It Fresh","Tom Bull Remix","Riot Reaction",,"Tom Bull",05:47,Dance,House
"Build It Records",BLDR031,811868652412,"The Collection, Vol. 1",,"Various Artists",2015-04-20,Dance,House,5,USLZJ1420138,Around,,Topi,,,05:05,Dance,"Deep House"
"Build It Records",BLDR031,811868652412,"The Collection, Vol. 1",,"Various Artists",2015-04-20,Dance,House,6,USLZJ1466049,"Part Of A Rave VIP","VIP Mix","Space Jump Salute",,,04:30,Dance,"Tech House"
"Build It Records",BLDR031,811868652412,"The Collection, Vol. 1",,"Various Artists",2015-04-20,Dance,House,7,USLZJ1420774,"Da Early Tune",,"JOE MACC",,,04:33,Dance,House
"Build It Records",BLDR031,811868652412,"The Collection, Vol. 1",,"Various Artists",2015-04-20,Dance,House,8,USLZJ1423202,"Life's A Bitch",,Screwface,,,03:30,Dance,"Tech House"
"Build It Records",BLDR031,811868652412,"The Collection, Vol. 1",,"Various Artists",2015-04-20,Dance,House,9,USLZJ1419107,"Make Me Feel",,"Fractal System,Sanka",,,07:12,Dance,"Indie Dance"
"Build It Records",BLDR031,811868652412,"The Collection, Vol. 1",,"Various Artists",2015-04-20,Dance,House,10,USLZJ1501311,Survival,,Catch22,,,03:50,Dance,"Tech House"
"Build It Records",BLDR031,811868652412,"The Collection, Vol. 1",,"Various Artists",2015-04-20,Dance,House,11,USLZJ1434067,"On My Mind",,Frederique,,,05:39,Dance,"Tech House"
"Build It Records",BLDR031,811868652412,"The Collection, Vol. 1",,"Various Artists",2015-04-20,Dance,House,12,USLZJ1473223,"Gimme A Beat",,Defunct!,,,05:44,Dance,"Tech House"
"Build It Records",BLDR031,811868652412,"The Collection, Vol. 1",,"Various Artists",2015-04-20,Dance,House,13,USLZJ1423203,"Boy Ya Got Me",,Screwface,,,03:38,Dance,"Tech House"
"Build It Records",BLDR031,811868652412,"The Collection, Vol. 1",,"Various Artists",2015-04-20,Dance,House,14,USLZJ1419106,"Your Body",,"Fractal System",,,06:55,Dance,"Indie Dance"
"Build It Records",BLDR031,811868652412,"The Collection, Vol. 1",,"Various Artists",2015-04-20,Dance,House,15,USLZJ1420777,"SL0 Down",,"JOE MACC",,,05:36,Dance,House
"Build It Records",BLDR029,811868624532,"The Light",,Gruv1,2015-04-13,Dance,House,1,USLZJ1509100,"The Light",,"Gruv1,Mesler",,,06:26,Dance,House
"Build It Records",BLDR025,811868624495,"Cavern EP",,"Rob Me",2015-04-06,Dance,"Tech House",1,USLZJ1505656,Down,,"Rob Me,Frederique",,,06:30,Dance,"Tech House"
"Build It Records",BLDR025,811868624495,"Cavern EP",,"Rob Me",2015-04-06,Dance,"Tech House",2,USLZJ1505657,Cavern,,"Rob Me",,,05:44,Dance,"Tech House"
"Build It Records",BLDR025,811868624495,"Cavern EP",,"Rob Me",2015-04-06,Dance,"Tech House",3,USLZY1505658,"The Bay",,"Rob Me",,,06:30,Dance,House
"Build It Records",BLDR028,811868624525,"Love You No More",,"Dene Antony",2015-03-30,Dance,"Deep House",1,USLZJ1505909,"Love You No More",,"Dene Antony",,,06:41,Dance,"Deep House"
"Build It Records",BLDR024,811868624471,"Let's Get It",,Den5ity,2015-03-13,Dance,"Tech House",1,UZLZJ1504907,"Let's Get It",,Den5ity,,,04:30,Dance,House
"Build It Records",BLDR026,811868624501,"Lost In Space",,Transcode,2015-03-13,Dance,"Deep House",1,USLZJ1505661,"Lost In Space",,Transcode,,,07:21,Dance,"Deep House"
"Build It Records",BLDR021,811868624402,"Breathe EP",,MKLY,2015-03-12,Dance,"Deep House",1,USLZJ1502007,Breathe,,MKLY,,,06:15,Dance,"Tech House"
"Build It Records",BLDR021,811868624402,"Breathe EP",,MKLY,2015-03-12,Dance,"Deep House",2,USLZJ1502008,Delorean,,MKLY,,,05:38,Dance,"Deep House"
"Build It Records",BLDR021,811868624402,"Breathe EP",,MKLY,2015-03-12,Dance,"Deep House",3,USLZJ1502009,"Khaya (feat. Liso)",,MKLY,Liso,,04:53,Dance,"Deep House"
"Build It Records",BLDR022,811868624433,"Don't Wana Stop",,"JOE MACC",2015-03-12,Dance,"Deep House",1,USLZJ1502755,"Don't Wana Stop",,"JOE MACC",,,05:17,Dance,"Deep House"
"Build It Records",BLDR023,811868624440,"Frequency Test",,Frederique,2015-03-12,Dance,"Tech House",1,USLZJ1503535,"Frequency Test",,"Frederique,Aaron Jackson",,,05:24,Dance,"Tech House"
"Build It Records",BLDR018,811868624372,Troubles,,TUSK,2015-03-11,Dance,House,1,USLZJ1474563,Troubles,,TUSK,,,05:53,Dance,"Deep House"
"Build It Records",BLDR018,811868624372,Troubles,,TUSK,2015-03-11,Dance,House,2,USLZJ1474564,Troubles,"Dark Mix",TUSK,,,05:19,Dance,House
"Build It Records",BLDR019,811868624389,Secrents,,Alue.,2015-03-11,Dance,"Deep House",1,USLZJ1474759,Secrents,,Alue,,,04:20,Dance,"Deep House"
"Build It Records",BLDR020,811868624396,Survival,,Catch22,2015-03-11,Dance,"Tech House",1,USLZJ1501311,Survival,,Catch22,,,03:50,Dance,"Tech House"
"Build It Records",BLDR015,811868624334,"Part Of A Rave VIP",,"Space Jump Salute",2015-03-10,Dance,"Tech House",1,USLZJ1466049,"Part Of A Rave","VIP Mix","Space Jump Salute",,,04:30,Dance,"Tech House"
"Build It Records",BLDR016,811868624358,"Gimme A Beat EP",,Defunct!,2015-03-10,Dance,"Tech House",1,USLZJ1473223,"Gimme A Beat",,Defunct!,,,05:44,Dance,"Tech House"
"Build It Records",BLDR016,811868624358,"Gimme A Beat EP",,Defunct!,2015-03-10,Dance,"Tech House",2,USLZJ1473224,"It's That Simple",,Defunct!,,,06:10,Dance,"Tech House"
"Build It Records",BLDR016,811868624358,"Gimme A Beat EP",,Defunct!,2015-03-10,Dance,"Tech House",3,USLZJ1473227,"Somethin' Ill",,Defunct!,,,06:13,Dance,"Tech House"
"Build It Records",BLDR017,811868624365,"Paradox EP",,Catch22,2015-03-10,Dance,"Tech House",1,USLZJ1474559,"Choose Your Destiny",,Catch22,,,05:05,Dance,"Tech House"
"Build It Records",BLDR017,811868624365,"Paradox EP",,Catch22,2015-03-10,Dance,"Tech House",2,USLZJ1474561,"No Limits",,Catch22,,,05:13,Dance,"Tech House"
"Build It Records",BLDR017,811868624365,"Paradox EP",,Catch22,2015-03-10,Dance,"Tech House",3,USLZJ1474562,"The Other Side",,Catch22,,,04:48,Dance,"Tech House"
"Build It Records",BLDR012,811868624273,"The Journey EP",,Burkie,2015-03-09,Dance,"Deep House",1,USLZJ1425833,"Don't You Know",,Burkie,,,05:50,Dance,"Deep House"
"Build It Records",BLDR012,811868624273,"The Journey EP",,Burkie,2015-03-09,Dance,"Deep House",2,USLZJ1425834,Sweetheart,,Burkie,,,05:45,Dance,"Deep House"
"Build It Records",BLDR012,811868624273,"The Journey EP",,Burkie,2015-03-09,Dance,"Deep House",3,USLZJ1425835,"Case Of The X",,Burkie,,,04:51,Dance,House
"Build It Records",BLDR013,811868624303,"Serious Business / On My Mind",,Frederique,2015-03-09,Dance,"Tech House",1,USLZJ1434066,"Serious Business",,"Frederique,Aaron Jackson",,,06:10,Dance,"Tech House"
"Build It Records",BLDR013,811868624303,"Serious Business / On My Mind",,Frederique,2015-03-09,Dance,"Tech House",2,USLZJ1434076,"On My Mind",,Frederique,,,05:39,Dance,"Tech House"
"Build It Records",BLDR014,811868624327,"End Of Summer / Turn Around",,Gruv1,2015-03-09,Dance,House,1,USLZJ1456133,"End Of Summer",,Gruv1,,,05:02,Dance,House
"Build It Records",BLDR014,811868624327,"End Of Summer / Turn Around",,Gruv1,2015-03-09,Dance,House,2,USLZJ1456134,"Turn Around",,Gruv1,,,03:36,Dance,House
"Build It Records",BLDR009,811868624181,"Solstice EP",,"JOE MACC",2015-03-08,Dance,"UK Garage",1,USLZJ1420774,"Da Early Tune",,"JOE MACC",,,04:33,Dance,"UK Garage"
"Build It Records",BLDR009,811868624181,"Solstice EP",,"JOE MACC",2015-03-08,Dance,"UK Garage",2,USLZJ1420773,Autumn,,"JOE MACC",,,06:04,Dance,House
"Build It Records",BLDR009,811868624181,"Solstice EP",,"JOE MACC",2015-03-08,Dance,"UK Garage",3,USLZJ1420777,"SL0 Down",,"JOE MACC",,,05:36,Dance,"UK Garage"
"Build It Records",BLDR009,811868624181,"Solstice EP",,"JOE MACC",2015-03-08,Dance,"UK Garage",4,USLZJ1420776,Solstice,,"JOE MACC",,,06:45,Dance,"UK Garage"
"Build It Records",BLDR010,811868624235,"Frequencies EP",,Screwface,2015-03-08,Dance,"Tech House",1,USLZJ1423202,"Life's A Bitch",,Screwface,,,03:30,Dance,"Tech House"
"Build It Records",BLDR010,811868624235,"Frequencies EP",,Screwface,2015-03-08,Dance,"Tech House",2,USLZJ1423203,"Boy Ya Got Me",,Screwface,,,03:38,Dance,"Tech House"
"Build It Records",BLDR010,811868624235,"Frequencies EP",,Screwface,2015-03-08,Dance,"Tech House",3,USLZJ1423204,"Game Over",,Screwface,,,03:47,Dance,"Tech House"
"Build It Records",BLDR011,811868624266,"2 Down EP",,Rocksted,2015-03-08,Dance,"Tech House",1,USLZJ1425070,"Get On Down",,Rocksted,,,06:16,Dance,"Tech House"
"Build It Records",BLDR011,811868624266,"2 Down EP",,Rocksted,2015-03-08,Dance,"Tech House",2,USLZJ1425071,"Body Down",,Rocksted,,,06:35,Dance,"Tech House"
"Build It Records",BLDR007,811868617688,"Just Words",,"The Surreal'ist",2015-03-07,Dance,"Tech House",1,USLZJ1419090,"Just Words",,"The Surreal'ist",,,05:40,Dance,"Tech House"
"Build It Records",BLDR008,811868617831,Around,,Topi,2015-03-07,Dance,"Deep House",1,USLZJ1420138,Around,,Topi,,,05:05,Dance,"Deep House"
"Build It Records",BLDR006,811868624198,"Your Body EP",,"Fractal System",2015-03-07,Dance,House,1,USLZJ1419106,"Your Body",,"Fractal System",,,06:55,Dance,"Indie Dance"
"Build It Records",BLDR006,811868624198,"Your Body EP",,"Fractal System",2015-03-07,Dance,House,2,USLZJ1419107,"Make Me Feel",,"Fractal System,Sanka",,,07:12,Dance,"Indie Dance"
"Build It Records",BLDR006,811868624198,"Your Body EP",,"Fractal System",2015-03-07,Dance,House,3,USLZJ1419108,"We Need It",,"Fractal System,Marques",,,07:00,Dance,"Indie Dance"
"Build It Records",BLDR006,811868624198,"Your Body EP",,"Fractal System",2015-03-07,Dance,House,4,USLZJ1419109,"Get That",,"Fractal System",,,05:46,Dance,"Indie Dance"
"Build It Records",BLDR005,811868617572,"Part Of A Rave",,"Space Jump Salute",2015-03-06,Dance,"Tech House",1,USLZJ1415255,"Part Of A Rave",,"Space Jump Salute",,,04:30,Dance,"Tech House"
"Build It Records",BLDR004,811868617565,"In My Heart (I Feel It)",,"EVO & RST",2015-03-05,Dance,House,1,USLZJ1412586,"In My Heart (I Feel It)",,"EVO & RST",,,07:27,Dance,House
"Build It Records",BLDR003,811868617558,"Keep It Fresh",,"Riot Reaction",2015-03-04,Dance,"Tech House",1,USLZJ1412165,"Keep It Fresh",,"Riot Reaction",,,04:07,Dance,House
"Build It Records",BLDR003,811868617558,"Keep It Fresh",,"Riot Reaction",2015-03-04,Dance,"Tech House",2,USLZJ1412166,"Keep It Fresh","Tom Bull Remix","Riot Reaction",,"Tom Bull",05:47,Dance,House
"Build It Records",BLDR002,811868617534,"Afro Dizzy Act",,"JOE MACC",2015-03-03,Dance,"Deep House",1,USLZJ1411222,"Afro Dizzy Act",,"JOE MACC",,,05:42,Dance,"Deep House"
"Build It Records",BLDR001,811868617510,"King Of The Jungle",,"Chris Gresswell",2015-03-02,Dance,House,1,USLZJ1408966,"King Of The Jungle",,"Chris Gresswell",,,05:19,Dance,House
"Build It Records",BLDR148,191079983384,"Groove High",,Leraxe,,Dance,House,1,,,,Leraxe,,,,Dance,House
"Build It Tech",BLDRT056,198937210842,"City High",,Gruv1,,Electronic,"Tech House",1,,,,"Gruv1,Anmol Jhanb",,,,Electronic,"Tech House"
